"{""scrap"":42,""time"":30분,""calories"":Null,""id"":5980,""title"":단호박 스프}"
"{""scrap"":114,""time"":20분,""calories"":568.4 kcal,""id"":5979,""title"":베이컨 숙주 볶음}"
"{""scrap"":72,""time"":20분,""calories"":56.7 kcal,""id"":5978,""title"":베트남 국민소스 느억맘}"
"{""scrap"":122,""time"":50분,""calories"":1580.4 kcal,""id"":5977,""title"":소고기 장조림}"
"{""scrap"":129,""time"":20분,""calories"":1328.4 kcal,""id"":5976,""title"":연어 스테이크 & 레몬 머스터드 드레싱}"
"{""scrap"":36,""time"":30분,""calories"":2377.8 kcal,""id"":5975,""title"":로스트 치킨 스테이크}"
"{""scrap"":61,""time"":30분,""calories"":114.1 kcal,""id"":5974,""title"":토마토소스 비법}"
"{""scrap"":113,""time"":20분,""calories"":1208.5 kcal,""id"":5973,""title"":간장 조림닭}"
"{""scrap"":399,""time"":5분,""calories"":Null,""id"":5972,""title"":초간단 순두부계란국}"
"{""scrap"":124,""time"":20분,""calories"":184.8 kcal,""id"":5971,""title"":에어프라이어로 만드는 고구마 맛탕}"
"{""scrap"":661,""time"":30분,""calories"":551.6 kcal,""id"":5970,""title"":다이어트 김밥! 밥없는 김밥}"
"{""scrap"":36,""time"":20분,""calories"":348.8 kcal,""id"":5969,""title"":딸기 브루스케타 & 샐러드}"
"{""scrap"":273,""time"":20분,""calories"":114.6 kcal,""id"":5968,""title"":두부스팸조림}"
"{""scrap"":83,""time"":20분,""calories"":482.6 kcal,""id"":5967,""title"":쫄면}"
"{""scrap"":63,""time"":30분,""calories"":2491.8 kcal,""id"":5966,""title"":수육&굴무침}"
"{""scrap"":70,""time"":15분,""calories"":577.4 kcal,""id"":5965,""title"":치즈폭포 계란말이}"
"{""scrap"":85,""time"":15분,""calories"":Null,""id"":5964,""title"":한우채끝 짜파구리}"
"{""scrap"":27,""time"":15분,""calories"":Null,""id"":5963,""title"":무꿀청, 무꿀차}"
"{""scrap"":73,""time"":20분,""calories"":798.2 kcal,""id"":5962,""title"":치킨 스테이크}"
"{""scrap"":84,""time"":20분,""calories"":633.8 kcal,""id"":5961,""title"":단짠단짠 궁중떡볶이}"
"{""scrap"":111,""time"":20분,""calories"":80.0 kcal,""id"":5960,""title"":어묵탕}"
"{""scrap"":43,""time"":20분,""calories"":258.3 kcal,""id"":5959,""title"":초간단 LA갈비}"
"{""scrap"":190,""time"":20분,""calories"":837.5 kcal,""id"":5958,""title"":양송이치즈구이}"
"{""scrap"":82,""time"":30분,""calories"":595.7 kcal,""id"":5957,""title"":홈메이드 간단 닭꼬치}"
"{""scrap"":86,""time"":20분,""calories"":210.1 kcal,""id"":5956,""title"":감기예방에 좋은 배숙}"
"{""scrap"":20,""time"":20분,""calories"":Null,""id"":5955,""title"":보석젤리, 코하쿠토}"
"{""scrap"":60,""time"":30분,""calories"":472.7 kcal,""id"":5954,""title"":만능 고기소를 이용한 모듬전}"
"{""scrap"":385,""time"":30분,""calories"":801.3 kcal,""id"":5953,""title"":쫀득한 두부간장조림}"
"{""scrap"":77,""time"":20분,""calories"":196.4 kcal,""id"":5952,""title"":푸딩처럼 부드러운 계란찜}"
"{""scrap"":45,""time"":30분,""calories"":138.2 kcal,""id"":5951,""title"":치즈돈까스}"
"{""scrap"":73,""time"":20분,""calories"":507.2 kcal,""id"":5950,""title"":백종원 육개장}"
"{""scrap"":79,""time"":30분,""calories"":131.8 kcal,""id"":5949,""title"":김치찌개 비법!}"
"{""scrap"":217,""time"":20분,""calories"":Null,""id"":5947,""title"":얼큰수제비와 배추전}"
"{""scrap"":101,""time"":30분,""calories"":1151.5 kcal,""id"":5946,""title"":크림 닭가슴살 스테이크}"
"{""scrap"":11,""time"":20분,""calories"":481.6 kcal,""id"":5945,""title"":굴떡국}"
"{""scrap"":269,""time"":30분,""calories"":Null,""id"":5944,""title"":밀푀유나베}"
"{""scrap"":24,""time"":40분,""calories"":Null,""id"":5943,""title"":김씨표류기 짜장면}"
"{""scrap"":24,""time"":30분,""calories"":Null,""id"":5942,""title"":심야식당 탄멘!}"
"{""scrap"":37,""time"":15분,""calories"":Null,""id"":5941,""title"":하울정식}"
"{""scrap"":15,""time"":30분,""calories"":Null,""id"":5940,""title"":어벤져스 타코}"
"{""scrap"":64,""time"":15분,""calories"":486.8 kcal,""id"":5939,""title"":버터계란밥}"
"{""scrap"":7,""time"":30분,""calories"":Null,""id"":5938,""title"":닭껍질유린기}"
"{""scrap"":189,""time"":20분,""calories"":196.5 kcal,""id"":5937,""title"":새우부추전}"
"{""scrap"":118,""time"":20분,""calories"":Null,""id"":5936,""title"":연어장&연어덮밥}"
"{""scrap"":103,""time"":15분,""calories"":Null,""id"":5935,""title"":아스파라거스 베이컨말이}"
"{""scrap"":114,""time"":20분,""calories"":Null,""id"":5934,""title"":샐러드파스타}"
"{""scrap"":14,""time"":20분,""calories"":Null,""id"":5933,""title"":팥가루로 만드는 초간단 팥죽}"
"{""scrap"":59,""time"":15분,""calories"":1868.3 kcal,""id"":5932,""title"":감바스 알 아히요}"
"{""scrap"":2,""time"":20분,""calories"":850.5 kcal,""id"":5929,""title"":김치볶음밥}"
"{""scrap"":85,""time"":15분,""calories"":33.1 kcal,""id"":5924,""title"":콩나물국밥}"
"{""scrap"":91,""time"":5분,""calories"":569.4 kcal,""id"":5915,""title"":버터계란밥}"
"{""scrap"":65,""time"":15분,""calories"":288.7 kcal,""id"":5914,""title"":계란말이}"
"{""scrap"":1029,""time"":20분,""calories"":249.7 kcal,""id"":5913,""title"":소고기 무국}"
"{""scrap"":169,""time"":15분,""calories"":253.8 kcal,""id"":5912,""title"":돼지고기 김치찌개}"
"{""scrap"":206,""time"":10분,""calories"":98.0 kcal,""id"":5911,""title"":콩나물국}"
"{""scrap"":330,""time"":30분,""calories"":183.6 kcal,""id"":5910,""title"":소고기 볶음 고추장}"
"{""scrap"":74,""time"":5분,""calories"":44.0 kcal,""id"":5909,""title"":맛간장}"
"{""scrap"":406,""time"":15분,""calories"":184.5 kcal,""id"":5908,""title"":두부계란전}"
"{""scrap"":152,""time"":30분,""calories"":399.1 kcal,""id"":5907,""title"":치킨 스테이크}"
"{""scrap"":22,""time"":20분,""calories"":343.3 kcal,""id"":5900,""title"":후추 오징어}"
"{""scrap"":42,""time"":15분,""calories"":241.2 kcal,""id"":5899,""title"":도토리묵밥(묵사발)}"
"{""scrap"":78,""time"":5분,""calories"":Null,""id"":5898,""title"":빠삐코 라떼}"
"{""scrap"":29,""time"":15분,""calories"":Null,""id"":5897,""title"":키스틱 식빵 핫도그}"
"{""scrap"":37,""time"":10분,""calories"":Null,""id"":5896,""title"":베이컨키스틱말이}"
"{""scrap"":147,""time"":5분,""calories"":Null,""id"":5894,""title"":돌돌말이 샌드위치꼬치 }"
"{""scrap"":64,""time"":20분,""calories"":Null,""id"":5893,""title"":알리오올리오}"
"{""scrap"":19,""time"":15분,""calories"":559.8 kcal,""id"":5892,""title"":꼬막비빔밥}"
"{""scrap"":22,""time"":10분,""calories"":Null,""id"":5891,""title"":고구마 스틱 앤 튀김}"
"{""scrap"":19,""time"":20분,""calories"":Null,""id"":5890,""title"":미역국}"
"{""scrap"":62,""time"":20분,""calories"":196.8 kcal,""id"":5889,""title"":된장찌개}"
"{""scrap"":28,""time"":3분,""calories"":767.2 kcal,""id"":5888,""title"":소시지 파프리카 볶음}"
"{""scrap"":11,""time"":5분,""calories"":Null,""id"":5887,""title"":팬케잌}"
"{""scrap"":116,""time"":10분,""calories"":499.8 kcal,""id"":5885,""title"":규카츠}"
"{""scrap"":120,""time"":30분,""calories"":520.0 kcal,""id"":5884,""title"":연어초밥, 연어장, 연어 샐러드}"
"{""scrap"":52,""time"":10분,""calories"":Null,""id"":5883,""title"":아맛나맛 나는 아맛나 팥라떼}"
"{""scrap"":21,""time"":15분,""calories"":Null,""id"":5882,""title"":통팥듬뿍, 추억의 아맛나 옛날 빙수}"
"{""scrap"":42,""time"":10분,""calories"":Null,""id"":5881,""title"":추억의 별난바 파르페}"
"{""scrap"":72,""time"":10분,""calories"":Null,""id"":5880,""title"":별난다방 카페라떼}"
"{""scrap"":279,""time"":15분,""calories"":628.6 kcal,""id"":5878,""title"":김치 볶음밥}"
"{""scrap"":307,""time"":15~20분,""calories"":524.3 kcal,""id"":5877,""title"":김치 비빔국수}"
"{""scrap"":116,""time"":30분,""calories"":583.1 kcal,""id"":5876,""title"": 매운 제육볶음}"
"{""scrap"":76,""time"":20분,""calories"":108.7 kcal,""id"":5875,""title"":김치 전}"
"{""scrap"":86,""time"":20분분,""calories"":108.4 kcal,""id"":5874,""title"":김치 전 만들기}"
"{""scrap"":119,""time"":3분,""calories"":Null,""id"":5873,""title"":황금돼지바 프라푸치노}"
"{""scrap"":114,""time"":1분,""calories"":Null,""id"":5872,""title"":초코바나나 스무디 레시피}"
"{""scrap"":103,""time"":10분,""calories"":397.5 kcal,""id"":5869,""title"":스팸주먹밥}"
"{""scrap"":212,""time"":15분,""calories"":Null,""id"":5868,""title"":진짜 맛있는데 간단햄 부대찌개}"
"{""scrap"":41,""time"":10분,""calories"":Null,""id"":5867,""title"":김치피자로스팜 : 김피팜}"
"{""scrap"":381,""time"":5분,""calories"":Null,""id"":5866,""title"":로스팜 무쌈말이}"
"{""scrap"":45,""time"":3분,""calories"":Null,""id"":5862,""title"":플레인 요구르트 X 그래놀라 이색만남}"
"{""scrap"":17,""time"":40~50분,""calories"":Null,""id"":5861,""title"":민트초코아이스크림 핫케이크}"
"{""scrap"":69,""time"":30분,""calories"":Null,""id"":5860,""title"":민트초코 프라푸치노}"
"{""scrap"":24,""time"":2분,""calories"":254.9 kcal,""id"":5859,""title"":쾌변 리뉴얼}"
"{""scrap"":35,""time"":9분,""calories"":Null,""id"":5858,""title"":크림카레우동}"
"{""scrap"":101,""time"":12분,""calories"":Null,""id"":5857,""title"":차돌박이 크림 파스타 }"
"{""scrap"":103,""time"":20분,""calories"":273.1 kcal,""id"":5856,""title"":고추기름 묵볶이}"
"{""scrap"":28,""time"":10분,""calories"":Null,""id"":5855,""title"":돌돌말이 키스틱꼬치}"
"{""scrap"":11,""time"":30분,""calories"":Null,""id"":5854,""title"":추억의 옛날빙수}"
"{""scrap"":88,""time"":60분,""calories"":194.7 kcal,""id"":5849,""title"":허니버터 감자칩 }"
"{""scrap"":202,""time"":5분,""calories"":Null,""id"":5846,""title"":브케스무디}"
"{""scrap"":93,""time"":분,""calories"":534.8 kcal,""id"":5843,""title"":토마토빙수}"
"{""scrap"":754,""time"":15분,""calories"":576.7 kcal,""id"":5842,""title"":차돌파스타}"
"{""scrap"":277,""time"":10분,""calories"":104.9 kcal,""id"":5841,""title"":무한피망}"
"{""scrap"":204,""time"":분,""calories"":1306.6 kcal,""id"":5840,""title"":참치라자냐}"
"{""scrap"":91,""time"":20분,""calories"":322.0 kcal,""id"":5839,""title"":라이스푸딩}"
"{""scrap"":1013,""time"":15분,""calories"":275.0 kcal,""id"":5838,""title"":간장비빔국수}"
"{""scrap"":192,""time"":30분,""calories"":571.4 kcal,""id"":5837,""title"":식빵계란빵}"
"{""scrap"":141,""time"":분,""calories"":239.3 kcal,""id"":5836,""title"":가지타르틴}"
"{""scrap"":108,""time"":10분,""calories"":Null,""id"":5835,""title"":앙빠다코코낫}"
"{""scrap"":58,""time"":30분,""calories"":140.3 kcal,""id"":5834,""title"":수박냉면}"
"{""scrap"":263,""time"":30분,""calories"":810.4 kcal,""id"":5833,""title"":춘천닭갈비}"
"{""scrap"":125,""time"":40분,""calories"":920.0 kcal,""id"":5830,""title"":아란치니&콜리플라워소스}"
"{""scrap"":265,""time"":30분,""calories"":344.9 kcal,""id"":5829,""title"":멘보샤}"
"{""scrap"":417,""time"":30분,""calories"":361.1 kcal,""id"":5828,""title"":감자오믈렛}"
"{""scrap"":96,""time"":20분,""calories"":345.0 kcal,""id"":5826,""title"":레인보우토스트}"
"{""scrap"":111,""time"":20분,""calories"":495.3 kcal,""id"":5825,""title"":탄탄비빔면}"
"{""scrap"":419,""time"":5분,""calories"":180.6 kcal,""id"":5824,""title"":전남친토스트}"
"{""scrap"":2091,""time"":15분,""calories"":482.4 kcal,""id"":5823,""title"":스팸동}"
"{""scrap"":278,""time"":30분,""calories"":484.5 kcal,""id"":5822,""title"":스칼로피네 알 리모네}"
"{""scrap"":275,""time"":120분,""calories"":137.0 kcal,""id"":5821,""title"":수박셔벗}"
"{""scrap"":305,""time"":15분,""calories"":138.5 kcal,""id"":5819,""title"":땡모반}"
"{""scrap"":119,""time"":20분,""calories"":Null,""id"":5818,""title"":크레페}"
"{""scrap"":375,""time"":15분,""calories"":897.2 kcal,""id"":5817,""title"":매운참치라면}"
"{""scrap"":386,""time"":10분,""calories"":Null,""id"":5816,""title"":베이컨맛탕}"
"{""scrap"":87,""time"":120분,""calories"":301.7 kcal,""id"":5815,""title"":홈메이드냉면}"
"{""scrap"":326,""time"":30분,""calories"":591.8 kcal,""id"":5813,""title"":닭날개볶음밥}"
"{""scrap"":158,""time"":20분,""calories"":44.6 kcal,""id"":5812,""title"":청양새우젓콩나물국}"
"{""scrap"":450,""time"":15분,""calories"":546.9 kcal,""id"":5811,""title"":대파가지제육볶음}"
"{""scrap"":693,""time"":15분,""calories"":146.4 kcal,""id"":5810,""title"":돼지고기 볶음고추장}"
"{""scrap"":246,""time"":30분,""calories"":407.8 kcal,""id"":5809,""title"":빠에야}"
"{""scrap"":107,""time"":20분,""calories"":Null,""id"":5808,""title"":우동짜장}"
"{""scrap"":303,""time"":60분,""calories"":Null,""id"":5807,""title"":리얼복숭아 아이스티}"
"{""scrap"":53,""time"":5분,""calories"":Null,""id"":5806,""title"":순살양념꽃게장}"
"{""scrap"":60,""time"":5분,""calories"":269.6 kcal,""id"":5805,""title"":알록옥수수}"
"{""scrap"":279,""time"":240분,""calories"":655.2 kcal,""id"":5804,""title"":청포도 판나코타}"
"{""scrap"":2031,""time"":30분,""calories"":379.2 kcal,""id"":5802,""title"":마약계란}"
"{""scrap"":1080,""time"":20분,""calories"":124.3 kcal,""id"":5801,""title"":게맛살오이초무침}"
"{""scrap"":149,""time"":15분,""calories"":Null,""id"":5800,""title"":샐러드동치미냉소면}"
"{""scrap"":231,""time"":30분,""calories"":276.0 kcal,""id"":5799,""title"":메로나튀김}"
"{""scrap"":251,""time"":30분,""calories"":94.7 kcal,""id"":5798,""title"":오돌뼈볶음}"
"{""scrap"":73,""time"":30분,""calories"":788.3 kcal,""id"":5797,""title"":야키소바빵}"
"{""scrap"":600,""time"":20분,""calories"":544.4 kcal,""id"":5796,""title"":식빵치즈스틱}"
"{""scrap"":130,""time"":10분,""calories"":461.1 kcal,""id"":5795,""title"":아이스크림 호떡}"
"{""scrap"":363,""time"":10분,""calories"":Null,""id"":5794,""title"":시원한 날치알 냉우동}"
"{""scrap"":73,""time"":30분,""calories"":Null,""id"":5793,""title"":콩물샤브샤브}"
"{""scrap"":223,""time"":25분,""calories"":258.3 kcal,""id"":5792,""title"":즉석짜장떡볶이}"
"{""scrap"":545,""time"":15분,""calories"":511.8 kcal,""id"":5791,""title"":매운당면찌개}"
"{""scrap"":185,""calories"":Null,""id"":5790,""time"":분,""title"":매실편 - 매실청담그기}"
"{""scrap"":1799,""time"":40분,""calories"":780.5 kcal,""id"":5789,""title"":밀푀유김치찜}"
"{""scrap"":438,""time"":50분,""calories"":261.5 kcal,""id"":5788,""title"":묵은지 볶음}"
"{""scrap"":109,""time"":20분,""calories"":122.9 kcal,""id"":5787,""title"":불족발}"
"{""scrap"":91,""time"":30분,""calories"":1146.5 kcal,""id"":5786,""title"":볶음김치 라자냐}"
"{""scrap"":687,""time"":20분,""calories"":Null,""id"":5785,""title"":굴소스볶음파스타}"
"{""scrap"":172,""time"":40분,""calories"":Null,""id"":5784,""title"":아보카도버거}"
"{""scrap"":110,""time"":30분,""calories"":139.6 kcal,""id"":5783,""title"":감자밥}"
"{""scrap"":97,""time"":25분,""calories"":363.3 kcal,""id"":5782,""title"":새우완탕떡국}"
"{""scrap"":113,""time"":15분,""calories"":282.5 kcal,""id"":5781,""title"":오트밀바게트 불고기샌드위치}"
"{""scrap"":92,""time"":25분,""calories"":Null,""id"":5780,""title"":콜드소이파스타}"
"{""scrap"":511,""time"":30분,""calories"":1493.1 kcal,""id"":5779,""title"":일본식 냉라면}"
"{""scrap"":146,""time"":5분,""calories"":Null,""id"":5778,""title"":훈제연어}"
"{""scrap"":114,""time"":20분,""calories"":468.9 kcal,""id"":5776,""title"":스카치에그}"
"{""scrap"":756,""time"":15분,""calories"":603.9 kcal,""id"":5775,""title"":콘치즈 핫소시지}"
"{""scrap"":888,""time"":20분,""calories"":539.1 kcal,""id"":5773,""title"":맥앤치즈}"
"{""scrap"":323,""time"":30분,""calories"":652.3 kcal,""id"":5772,""title"":순대꼬치}"
"{""scrap"":561,""time"":40분,""calories"":26.2 kcal,""id"":5771,""title"":아욱국}"
"{""scrap"":98,""time"":10분,""calories"":101.0 kcal,""id"":5770,""title"":베리컵젤리}"
"{""scrap"":192,""time"":30분,""calories"":557.0 kcal,""id"":5769,""title"":집여해_보성녹차떡갈비}"
"{""scrap"":136,""time"":20분,""calories"":109.0 kcal,""id"":5767,""title"":번데기탕}"
"{""scrap"":101,""time"":20분,""calories"":175.2 kcal,""id"":5766,""title"":버섯굴매운탕}"
"{""scrap"":91,""time"":60분,""calories"":811.4 kcal,""id"":5765,""title"":낙지닭한마리전골}"
"{""scrap"":177,""time"":30분,""calories"":827.3 kcal,""id"":5764,""title"":오리지날 버팔로윙}"
"{""scrap"":1534,""time"":20분,""calories"":122.2 kcal,""id"":5763,""title"":실곤약모밀}"
"{""scrap"":393,""time"":30분,""calories"":596.9 kcal,""id"":5759,""title"":중국당면볶이}"
"{""scrap"":218,""time"":분,""calories"":109.2 kcal,""id"":5758,""title"":쓰고 남은 기름 활용법}"
"{""scrap"":478,""time"":25분,""calories"":379.3 kcal,""id"":5757,""title"":비빔칼국수}"
"{""scrap"":177,""time"":30분,""calories"":576.3 kcal,""id"":5756,""title"":단호박 고로케}"
"{""scrap"":42,""time"":30분,""calories"":Null,""id"":5755,""title"":자색고구마칩}"
"{""scrap"":399,""time"":30분,""calories"":1073.7 kcal,""id"":5754,""title"":오지치즈후라이}"
"{""scrap"":381,""time"":30분,""calories"":733.1 kcal,""id"":5753,""title"":고갈비구이}"
"{""scrap"":276,""time"":25분,""calories"":440.9 kcal,""id"":5752,""title"":꽈리고추닭불고기}"
"{""scrap"":360,""time"":10분,""calories"":107.1 kcal,""id"":5751,""title"":논알코올 믹스모히또}"
"{""scrap"":250,""time"":30분,""calories"":735.1 kcal,""id"":5750,""title"":집여해_마약육전}"
"{""scrap"":153,""time"":60분,""calories"":533.1 kcal,""id"":5749,""title"":태극쿠키}"
"{""scrap"":124,""time"":30분,""calories"":360.1 kcal,""id"":5748,""title"":타코}"
"{""scrap"":118,""time"":40분,""calories"":680.2 kcal,""id"":5747,""title"":육회비빔냉면}"
"{""scrap"":623,""time"":25분,""calories"":1289.6 kcal,""id"":5746,""title"":대파삼겹볶음}"
"{""scrap"":50,""time"":15분,""calories"":Null,""id"":5743,""title"":대구 시골막창}"
"{""scrap"":331,""time"":20분,""calories"":670.5 kcal,""id"":5742,""title"":교리김밥}"
"{""scrap"":413,""time"":40분,""calories"":351.6 kcal,""id"":5741,""title"":무뼈닭발}"
"{""scrap"":172,""time"":30분,""calories"":460.1 kcal,""id"":5740,""title"":여수 해물삼합}"
"{""scrap"":329,""time"":30분,""calories"":329.2 kcal,""id"":5738,""title"":고구마맛탕}"
"{""scrap"":230,""time"":20분,""calories"":723.4 kcal,""id"":5737,""title"":바질 돼지고기 덮밥}"
"{""scrap"":303,""time"":15분,""calories"":Null,""id"":5736,""title"":토마토소면/라면}"
"{""scrap"":55,""time"":20분,""calories"":Null,""id"":5735,""title"":시원하게 즐기는 속초물회}"
"{""scrap"":121,""time"":35분,""calories"":336.6 kcal,""id"":5734,""title"":목포 바지락/모시조개비빔밥}"
"{""scrap"":508,""time"":15분,""calories"":495.3 kcal,""id"":5733,""title"":대구 중화식비빔밥}"
"{""scrap"":124,""time"":25분,""calories"":92.1 kcal,""id"":5732,""title"":춘천 막국수}"
"{""scrap"":223,""time"":분,""calories"":1517.7 kcal,""id"":5731,""title"":설빙 퐁당치즈가래떡}"
"{""scrap"":1299,""time"":40분,""calories"":335.4 kcal,""id"":5730,""title"":차돌박이고추장찌개}"
"{""scrap"":49,""time"":20분,""calories"":320.3 kcal,""id"":5729,""title"":얼갈이  꽁보리밥}"
"{""scrap"":127,""time"":1분,""calories"":253.6 kcal,""id"":5728,""title"":아침 고등어}"
"{""scrap"":280,""time"":5분,""calories"":593.0 kcal,""id"":5727,""title"":아침 감자}"
"{""scrap"":319,""time"":40분,""calories"":1388.6 kcal,""id"":5725,""title"":닭두루치기}"
"{""scrap"":538,""time"":30분,""calories"":465.6 kcal,""id"":5724,""title"":두부탕수}"
"{""scrap"":78,""time"":30분,""calories"":Null,""id"":5723,""title"":상추튀김}"
"{""scrap"":38,""time"":25분,""calories"":Null,""id"":5722,""title"":사골들깨칼국수 by 신도칼국수}"
"{""scrap"":72,""time"":30분,""calories"":424.7 kcal,""id"":5721,""title"":누텔라피자}"
"{""scrap"":204,""time"":30분,""calories"":933.6 kcal,""id"":5720,""title"":하와이안 포케}"
"{""scrap"":404,""time"":40분,""calories"":200.3 kcal,""id"":5719,""title"":갈치조림}"
"{""scrap"":203,""time"":30분,""calories"":368.5 kcal,""id"":5718,""title"":전주 떡갈비}"
"{""scrap"":406,""time"":30분,""calories"":173.2 kcal,""id"":5717,""title"":양파장아찌}"
"{""scrap"":184,""time"":20분,""calories"":Null,""id"":5716,""title"":가벼운 듯 환상의 조합! 청포도 발사믹 샐러드}"
"{""scrap"":227,""time"":20분,""calories"":142.1 kcal,""id"":5715,""title"":무알콜 시트러스 모히또}"
"{""scrap"":351,""time"":30분,""calories"":110.2 kcal,""id"":5714,""title"":두부미역전}"
"{""scrap"":557,""time"":15분,""calories"":471.3 kcal,""id"":5713,""title"":토마토소스덮밥}"
"{""scrap"":28,""time"":15분,""calories"":Null,""id"":5712,""title"":육즙가득 짬뽕 군만두}"
"{""scrap"":86,""time"":50분,""calories"":508.1 kcal,""id"":5711,""title"":완도 꼬마전복}"
"{""scrap"":510,""time"":40분,""calories"":472.7 kcal,""id"":5709,""title"":라따뚜이}"
"{""scrap"":202,""time"":30분,""calories"":133.9 kcal,""id"":5708,""title"":취나물밥}"
"{""scrap"":265,""time"":40분,""calories"":130.4 kcal,""id"":5706,""title"":베트남반쎄오}"
"{""scrap"":78,""time"":15분,""calories"":Null,""id"":5705,""title"":요거트 과일샐러드}"
"{""scrap"":64,""time"":25분,""calories"":Null,""id"":5704,""title"":닭가슴살 한방부추찜}"
"{""scrap"":256,""time"":40분,""calories"":Null,""id"":5703,""title"":두부 티라미수}"
"{""scrap"":743,""time"":20분,""calories"":341.7 kcal,""id"":5702,""title"":쌈장볶음밥}"
"{""scrap"":615,""time"":20분,""calories"":874.6 kcal,""id"":5701,""title"":깍두기 볶음밥}"
"{""scrap"":318,""time"":20분,""calories"":580.7 kcal,""id"":5700,""title"":바나나 토스트}"
"{""scrap"":376,""time"":35분,""calories"":293.2 kcal,""id"":5699,""title"":토마토해물떡볶이}"
"{""scrap"":95,""time"":30분,""calories"":399.7 kcal,""id"":5698,""title"":제철해물판모밀}"
"{""scrap"":155,""time"":15분,""calories"":77.5 kcal,""id"":5697,""title"":구운 호박볶음}"
"{""scrap"":1342,""time"":15분,""calories"":288.2 kcal,""id"":5696,""title"":팽이오징어볶음}"
"{""scrap"":212,""time"":20분,""calories"":1112.3 kcal,""id"":5692,""title"":장어덮밥}"
"{""scrap"":172,""time"":30분,""calories"":1612.1 kcal,""id"":5691,""title"":두릅튀김}"
"{""scrap"":130,""time"":120분,""calories"":1349.2 kcal,""id"":5690,""title"":비어캔치킨}"
"{""scrap"":610,""time"":30분,""calories"":495.9 kcal,""id"":5688,""title"":피자김밥}"
"{""scrap"":141,""time"":30분,""calories"":55.4 kcal,""id"":5687,""title"":백골뱅이탕}"
"{""scrap"":47,""time"":60분,""calories"":1041.5 kcal,""id"":5686,""title"":생딸기컵케익}"
"{""scrap"":380,""time"":50분,""calories"":42.0 kcal,""id"":5685,""title"":낙지 연포탕}"
"{""scrap"":55,""time"":20분,""calories"":Null,""id"":5684,""title"":참치 타다끼 샐러드.}"
"{""scrap"":34,""time"":25분,""calories"":Null,""id"":5683,""title"":마리네이드 스테이크}"
"{""scrap"":140,""time"":75분,""calories"":1717.6 kcal,""id"":5682,""title"":갈릭마요치킨바베큐}"
"{""scrap"":163,""time"":15분,""calories"":165.8 kcal,""id"":5681,""title"":롤샌드위치}"
"{""scrap"":1046,""time"":15분,""calories"":211.1 kcal,""id"":5680,""title"":발사믹소스의 찹스테이크}"
"{""scrap"":51,""time"":50분,""calories"":1110.1 kcal,""id"":5679,""title"":텐그릴 토스터}"
"{""scrap"":84,""time"":30분,""calories"":179.0 kcal,""id"":5677,""title"":뉴질랜드 그린홍합}"
"{""scrap"":201,""time"":80분,""calories"":1022.5 kcal,""id"":5676,""title"":닭날개 꼬치}"
"{""scrap"":226,""calories"":Null,""id"":5675,""time"":분,""title"":맛있는 튀김 만드는법}"
"{""scrap"":239,""time"":90분,""calories"":812.5 kcal,""id"":5674,""title"":호두파이}"
"{""scrap"":298,""time"":20분,""calories"":755.5 kcal,""id"":5673,""title"":나폴리탄스파게티}"
"{""scrap"":245,""time"":30분,""calories"":349.6 kcal,""id"":5672,""title"":구절판}"
"{""scrap"":302,""time"":60분,""calories"":1021.2 kcal,""id"":5671,""title"":밥통딸기초코케이크}"
"{""scrap"":291,""time"":30분,""calories"":368.6 kcal,""id"":5670,""title"":미니언즈주먹밥}"
"{""scrap"":229,""time"":30분,""calories"":516.6 kcal,""id"":5669,""title"":시금치롤}"
"{""scrap"":115,""time"":20분,""calories"":534.8 kcal,""id"":5668,""title"":훈제연어 베이글 샌드위치}"
"{""scrap"":442,""time"":20분,""calories"":584.9 kcal,""id"":5667,""title"":만두부대찌개}"
"{""scrap"":511,""time"":15분,""calories"":247.4 kcal,""id"":5665,""title"":양념 팝콘치킨}"
"{""scrap"":831,""time"":20분,""calories"":470.1 kcal,""id"":5664,""title"":소고기 미니 김밥}"
"{""scrap"":625,""time"":20분,""calories"":257.0 kcal,""id"":5663,""title"":떡꼬치}"
"{""scrap"":265,""time"":25분,""calories"":701.0 kcal,""id"":5661,""title"":파스타토스트}"
"{""scrap"":744,""time"":20분,""calories"":877.3 kcal,""id"":5660,""title"":소떡소떡}"
"{""scrap"":30,""time"":20분,""calories"":208.2 kcal,""id"":5659,""title"":비건피자 루꼴라피자}"
"{""scrap"":220,""time"":45분,""calories"":112.1 kcal,""id"":5658,""title"":단호박 크림새우찜}"
"{""scrap"":242,""time"":20분,""calories"":1000.2 kcal,""id"":5657,""title"":게맛살부추스파게티}"
"{""scrap"":2573,""time"":25분,""calories"":55.1 kcal,""id"":5656,""title"":감자조림}"
"{""scrap"":121,""time"":10분,""calories"":589.4 kcal,""id"":5653,""title"":프리미엄 게맛살}"
"{""scrap"":306,""time"":150분,""calories"":2865.6 kcal,""id"":5652,""title"":병아리 연유빵}"
"{""scrap"":302,""time"":60분,""calories"":442.3 kcal,""id"":5650,""title"":닭똥집 튀김}"
"{""scrap"":72,""time"":20분,""calories"":56.0 kcal,""id"":5648,""title"":김치찌개}"
"{""scrap"":277,""time"":20분,""calories"":1028.5 kcal,""id"":5647,""title"":청양고추 크림 파스타}"
"{""scrap"":239,""time"":50분,""calories"":Null,""id"":5645,""title"":프라이드 피자}"
"{""scrap"":774,""time"":분,""calories"":794.3 kcal,""id"":5643,""title"":중국식가지튀김}"
"{""scrap"":47,""time"":60분,""calories"":206.2 kcal,""id"":5642,""title"":장어 잡채}"
"{""scrap"":187,""time"":30분,""calories"":5793.3 kcal,""id"":5641,""title"":슈니첼&양송이소스}"
"{""scrap"":232,""time"":10분,""calories"":98.7 kcal,""id"":5640,""title"":새우튀김}"
"{""scrap"":183,""time"":15분,""calories"":28.4 kcal,""id"":5639,""title"":고구마순나물 볶음}"
"{""scrap"":568,""time"":120분,""calories"":97.1 kcal,""id"":5638,""title"":깍두기}"
"{""scrap"":829,""time"":15분,""calories"":658.8 kcal,""id"":5637,""title"":토마토계란덮밥}"
"{""scrap"":525,""time"":45분,""calories"":620.8 kcal,""id"":5636,""title"":레몬마요새우}"
"{""scrap"":124,""time"":40분,""calories"":79.4 kcal,""id"":5635,""title"":사과마멀레이드}"
"{""scrap"":2552,""time"":10분,""calories"":96.0 kcal,""id"":5634,""title"":브로콜리소시지볶음}"
"{""scrap"":85,""time"":25분,""calories"":363.6 kcal,""id"":5633,""title"":부추된장국}"
"{""scrap"":73,""time"":25분,""calories"":761.3 kcal,""id"":5632,""title"":부추튀김}"
"{""scrap"":80,""time"":30분,""calories"":66.7 kcal,""id"":5630,""title"":백골뱅이}"
"{""scrap"":869,""time"":30분,""calories"":780.3 kcal,""id"":5628,""title"":꿔바로우}"
"{""scrap"":639,""time"":20분,""calories"":44.6 kcal,""id"":5625,""title"":콩나물국}"
"{""scrap"":606,""time"":20분,""calories"":433.5 kcal,""id"":5624,""title"":매운순대볶음}"
"{""scrap"":732,""time"":20분,""calories"":193.9 kcal,""id"":5623,""title"":도토리묵 무침}"
"{""scrap"":203,""time"":분,""calories"":298.1 kcal,""id"":5622,""title"":칼질고급 편}"
"{""scrap"":1305,""time"":1시간분,""calories"":Null,""id"":5620,""title"":간단 닭개장}"
"{""scrap"":137,""time"":1시간분,""calories"":77.3 kcal,""id"":5619,""title"":고추장립}"
"{""scrap"":168,""time"":20분,""calories"":985.1 kcal,""id"":5618,""title"":미나리파스타}"
"{""scrap"":326,""time"":40분,""calories"":791.9 kcal,""id"":5617,""title"":닭볶음탕}"
"{""scrap"":923,""time"":25분,""calories"":646.3 kcal,""id"":5616,""title"":멜팅치즈제육철판}"
"{""scrap"":386,""time"":15분,""calories"":347.4 kcal,""id"":5615,""title"":레터스샌드위치}"
"{""scrap"":265,""time"":20분,""calories"":770.9 kcal,""id"":5611,""title"":돈까스 국수}"
"{""scrap"":250,""time"":30분,""calories"":140.1 kcal,""id"":5610,""title"":꼬시래기해초무침}"
"{""scrap"":110,""time"":15분,""calories"":Null,""id"":5609,""title"":장아찌스팸주먹밥}"
"{""scrap"":42,""time"":20분,""calories"":618.7 kcal,""id"":5607,""title"":푸실리 바지락/모시조개 봉골레 파스타}"
"{""scrap"":81,""time"":25분,""calories"":Null,""id"":5606,""title"":수제 귤청 에이드}"
"{""scrap"":401,""time"":25분,""calories"":88.7 kcal,""id"":5605,""title"":골뱅이 비빔라면}"
"{""scrap"":462,""time"":20분,""calories"":42.5 kcal,""id"":5604,""title"":깻잎지}"
"{""scrap"":1639,""time"":10분,""calories"":450.7 kcal,""id"":5603,""title"":김치버터 파스타}"
"{""scrap"":1946,""time"":20분분,""calories"":520.9 kcal,""id"":5602,""title"":계란 장조림}"
"{""scrap"":447,""time"":10분,""calories"":724.8 kcal,""id"":5601,""title"":홈메이드 자루소바}"
"{""scrap"":1677,""time"":10분,""calories"":300.6 kcal,""id"":5600,""title"":소고기 비빔간장}"
"{""scrap"":262,""time"":20분,""calories"":847.3 kcal,""id"":5599,""title"":태국식고기덮밥}"
"{""scrap"":407,""time"":20분,""calories"":306.8 kcal,""id"":5598,""title"":타마고산도}"
"{""scrap"":248,""time"":20분,""calories"":202.9 kcal,""id"":5597,""title"":주꾸미초무침}"
"{""scrap"":325,""time"":40분,""calories"":1429.3 kcal,""id"":5596,""title"":매운돈가쓰}"
"{""scrap"":575,""time"":30분,""calories"":485.3 kcal,""id"":5595,""title"":닭갈비전골}"
"{""scrap"":138,""time"":15분,""calories"":Null,""id"":5594,""title"":실버스타 통주물 에그팬}"
"{""scrap"":300,""time"":15분,""calories"":415.7 kcal,""id"":5593,""title"":육회 물회}"
"{""scrap"":286,""time"":5분,""calories"":74.9 kcal,""id"":5592,""title"":세발나물무침}"
"{""scrap"":1130,""time"":40분,""calories"":320.3 kcal,""id"":5591,""title"":콩나물잡채}"
"{""scrap"":255,""time"":15분,""calories"":523.3 kcal,""id"":5590,""title"":계란 반숙 삶기 & 계란 껍질 쉽게 까기}"
"{""scrap"":1445,""time"":30분,""calories"":1277.3 kcal,""id"":5589,""title"":치즈 베이컨 말이}"
"{""scrap"":894,""time"":15분,""calories"":769.4 kcal,""id"":5588,""title"":이삭토스트}"
"{""scrap"":1050,""time"":30분,""calories"":333.8 kcal,""id"":5587,""title"":스팸하트김밥}"
"{""scrap"":76,""time"":5분,""calories"":Null,""id"":5586,""title"":본 인 스테이크}"
"{""scrap"":213,""time"":120분,""calories"":66.0 kcal,""id"":5584,""title"":벚꽃머랭쿠키}"
"{""scrap"":116,""time"":30분,""calories"":444.3 kcal,""id"":5583,""title"":물쫄면}"
"{""scrap"":123,""time"":25분,""calories"":448.0 kcal,""id"":5582,""title"":김치 길거리 토스트}"
"{""scrap"":55,""time"":20분,""calories"":286.2 kcal,""id"":5581,""title"":고갈비구이}"
"{""scrap"":300,""time"":25분,""calories"":198.1 kcal,""id"":5580,""title"":미더덕콩나물찜}"
"{""scrap"":378,""time"":40분,""calories"":1023.6 kcal,""id"":5579,""title"":인도 치킨커리}"
"{""scrap"":198,""time"":30분,""calories"":299.4 kcal,""id"":5577,""title"":버섯두부지짐이}"
"{""scrap"":110,""time"":30분,""calories"":293.4 kcal,""id"":5576,""title"":곰돌이버거}"
"{""scrap"":514,""time"":90분,""calories"":Null,""id"":5574,""title"":젤리플라워}"
"{""scrap"":158,""time"":30분,""calories"":Null,""id"":5573,""title"":소고기버섯말이찜}"
"{""scrap"":91,""time"":60분,""calories"":130.4 kcal,""id"":5572,""title"":쑥 버무리}"
"{""scrap"":574,""time"":30분,""calories"":969.1 kcal,""id"":5571,""title"":딸기 밀푀유}"
"{""scrap"":82,""time"":30분,""calories"":Null,""id"":5569,""title"":카레시즈닝 닭다리구이}"
"{""scrap"":123,""time"":15분,""calories"":Null,""id"":5568,""title"":쥐포튀김과 와사비마요}"
"{""scrap"":180,""time"":5분,""calories"":Null,""id"":5567,""title"":딸기 리코타 샌드위치}"
"{""scrap"":392,""time"":10분,""calories"":Null,""id"":5566,""title"":딸기 막걸리}"
"{""scrap"":224,""time"":분,""calories"":2498.3 kcal,""id"":5565,""title"": 쑥 인절미}"
"{""scrap"":1315,""time"":20분,""calories"":312.6 kcal,""id"":5564,""title"":참치김치덮밥}"
"{""scrap"":93,""time"":15분,""calories"":Null,""id"":5562,""title"":호가네 주꾸미}"
"{""scrap"":91,""time"":15분,""calories"":Null,""id"":5560,""title"":키리모찌}"
"{""scrap"":80,""time"":50분,""calories"":Null,""id"":5559,""title"":이십오 참치}"
"{""scrap"":322,""time"":10분,""calories"":383.8 kcal,""id"":5556,""title"":더 신선한 매생이}"
"{""scrap"":233,""time"":15분,""calories"":787.7 kcal,""id"":5555,""title"":쭈꾸뿅 쭈꾸미}"
"{""scrap"":83,""time"":20분,""calories"":Null,""id"":5554,""title"":장충동 순대}"
"{""scrap"":272,""time"":15분,""calories"":1262.0 kcal,""id"":5553,""title"":달래봉골레 파스타}"
"{""scrap"":142,""time"":40분,""calories"":433.2 kcal,""id"":5552,""title"":해물크림나베}"
"{""scrap"":268,""time"":30분,""calories"":Null,""id"":5551,""title"":달래명란쌀밥}"
"{""scrap"":163,""time"":분,""calories"":1068.9 kcal,""id"":5550,""title"":양념장만들기}"
"{""scrap"":723,""time"":6분,""calories"":261.6 kcal,""id"":5549,""title"":반숙삶기}"
"{""scrap"":215,""time"":20분,""calories"":226.0 kcal,""id"":5548,""title"":먹태 버터구이}"
"{""scrap"":508,""time"":30분,""calories"":800.9 kcal,""id"":5547,""title"":계란부타모야시}"
"{""scrap"":193,""time"":25분,""calories"":72.5 kcal,""id"":5546,""title"":사과배추겉절이}"
"{""scrap"":340,""time"":30분,""calories"":238.7 kcal,""id"":5545,""title"":화전}"
"{""scrap"":220,""time"":20분,""calories"":638.1 kcal,""id"":5544,""title"":와사마요 떡볶이}"
"{""scrap"":537,""time"":20분,""calories"":700.3 kcal,""id"":5543,""title"":삼겹살 미나리 무침}"
"{""scrap"":287,""time"":30분,""calories"":542.2 kcal,""id"":5542,""title"":딸기 크림치즈 랩}"
"{""scrap"":852,""time"":10분,""calories"":98.7 kcal,""id"":5541,""title"":버섯 장조림}"
"{""scrap"":451,""time"":15분,""calories"":412.1 kcal,""id"":5540,""title"":취나물밥과 양념장}"
"{""scrap"":240,""time"":15분,""calories"":593.2 kcal,""id"":5539,""title"":참깨드레싱 두부샐러드}"
"{""scrap"":60,""time"":10분,""calories"":Null,""id"":5538,""title"":귀빈정 오돌뼈}"
"{""scrap"":120,""time"":15분,""calories"":Null,""id"":5537,""title"":바른씨 생연어}"
"{""scrap"":169,""time"":10분,""calories"":Null,""id"":5536,""title"":양양떡볶이}"
"{""scrap"":119,""time"":40분,""calories"":933.8 kcal,""id"":5533,""title"":수제 명란크림우동}"
"{""scrap"":95,""time"":15분,""calories"":Null,""id"":5527,""title"":돌아와요 부산어묵}"
"{""scrap"":116,""time"":5분,""calories"":214.3 kcal,""id"":5526,""title"":대패오징어}"
"{""scrap"":54,""time"":10분,""calories"":Null,""id"":5525,""title"":대게딱지장}"
"{""scrap"":218,""time"":5분,""calories"":Null,""id"":5524,""title"":테라오카 계란간장}"
"{""scrap"":151,""time"":30분,""calories"":Null,""id"":5522,""title"":쪽파 봉골레 국물 파스타}"
"{""scrap"":518,""time"":10분,""calories"":920.6 kcal,""id"":5518,""title"":금방돼지국수}"
"{""scrap"":451,""time"":30분,""calories"":675.1 kcal,""id"":5517,""title"":몽골리안비프라면}"
"{""scrap"":270,""time"":30분,""calories"":364.5 kcal,""id"":5516,""title"":닭똥집 볶음}"
"{""scrap"":552,""time"":30분,""calories"":317.9 kcal,""id"":5515,""title"":떡찜}"
"{""scrap"":597,""time"":60분,""calories"":118.0 kcal,""id"":5514,""title"":연근조림}"
"{""scrap"":710,""time"":60분,""calories"":653.7 kcal,""id"":5513,""title"":소고기콩나물밥}"
"{""scrap"":94,""time"":25분,""calories"":615.0 kcal,""id"":5512,""title"":석류소스 목살스테이크}"
"{""scrap"":42,""time"":15분,""calories"":143.8 kcal,""id"":5511,""title"":홈메이드 아이스티}"
"{""scrap"":374,""time"":30분,""calories"":706.2 kcal,""id"":5507,""title"":매운당면떡볶이}"
"{""scrap"":200,""time"":60분,""calories"":Null,""id"":5506,""title"":유리 사탕}"
"{""scrap"":2152,""time"":15분,""calories"":33.5 kcal,""id"":5505,""title"":이탈리안 소시지 브로콜리 볶음}"
"{""scrap"":1902,""time"":15분,""calories"":440.5 kcal,""id"":5504,""title"":연어 링귀니}"
"{""scrap"":682,""time"":20분,""calories"":396.4 kcal,""id"":5503,""title"":치즈퀘사디아&허니크림치즈소스}"
"{""scrap"":194,""time"":25분,""calories"":587.7 kcal,""id"":5502,""title"":버터크림까르보나라}"
"{""scrap"":393,""time"":20분,""calories"":388.8 kcal,""id"":5501,""title"":채식샌드위치}"
"{""scrap"":845,""time"":20분,""calories"":42.4 kcal,""id"":5500,""title"":피망버섯채볶음}"
"{""scrap"":2473,""time"":15분,""calories"":243.3 kcal,""id"":5499,""title"":치즈이모모찌}"
"{""scrap"":307,""time"":15분,""calories"":804.2 kcal,""id"":5498,""title"":방울양배추볶음.}"
"{""scrap"":135,""time"":15분,""calories"":283.7 kcal,""id"":5497,""title"":고추참치파스타}"
"{""scrap"":318,""time"":15분,""calories"":Null,""id"":5496,""title"":우유 콜라 라면}"
"{""scrap"":218,""time"":50분,""calories"":215.5 kcal,""id"":5495,""title"":모츠나베}"
"{""scrap"":519,""time"":40분,""calories"":485.8 kcal,""id"":5494,""title"":엄지네꼬막}"
"{""scrap"":253,""time"":30분,""calories"":222.5 kcal,""id"":5493,""title"":사과프리터}"
"{""scrap"":277,""time"":200분,""calories"":194.4 kcal,""id"":5492,""title"":오렌지젤리}"
"{""scrap"":382,""time"":60분,""calories"":507.4 kcal,""id"":5491,""title"":딸기마카롱}"
"{""scrap"":1275,""time"":10분,""calories"":199.6 kcal,""id"":5490,""title"":가지튀김과 쪽파소스}"
"{""scrap"":438,""time"":30분분,""calories"":Null,""id"":5489,""title"":일본식 야채 카레}"
"{""scrap"":231,""time"":30분,""calories"":696.2 kcal,""id"":5488,""title"":일본식영양밥}"
"{""scrap"":91,""time"":20분,""calories"":Null,""id"":5487,""title"":주꾸미 꼬치구이}"
"{""scrap"":297,""time"":25분,""calories"":Null,""id"":5486,""title"":샐러드 파스타}"
"{""scrap"":443,""time"":60분,""calories"":373.6 kcal,""id"":5485,""title"":밀크카라멜}"
"{""scrap"":538,""time"":15분,""calories"":Null,""id"":5484,""title"":치즈잡채볶음밥}"
"{""scrap"":722,""time"":25분,""calories"":823.0 kcal,""id"":5483,""title"":쇠고기 비빔국수}"
"{""scrap"":956,""time"":20분,""calories"":604.3 kcal,""id"":5482,""title"":항정살덮밥}"
"{""scrap"":310,""time"":15분,""calories"":526.3 kcal,""id"":5481,""title"":핫케익머핀}"
"{""scrap"":355,""time"":20분,""calories"":434.0 kcal,""id"":5480,""title"":사과도넛}"
"{""scrap"":89,""time"":40분,""calories"":Null,""id"":5479,""title"":매콤만두교자}"
"{""scrap"":501,""time"":20분,""calories"":211.4 kcal,""id"":5478,""title"":초콜릿카레}"
"{""scrap"":378,""time"":20분,""calories"":205.7 kcal,""id"":5477,""title"":고등어강정}"
"{""scrap"":351,""time"":30분,""calories"":454.8 kcal,""id"":5476,""title"":소시지빵}"
"{""scrap"":220,""time"":80분,""calories"":179.8 kcal,""id"":5475,""title"":머랭케이크}"
"{""scrap"":117,""time"":60분,""calories"":774.8 kcal,""id"":5474,""title"":돼지고기목살통구이}"
"{""scrap"":191,""time"":60분,""calories"":769.8 kcal,""id"":5473,""title"":치킨스튜파스타}"
"{""scrap"":133,""time"":40분,""calories"":279.6 kcal,""id"":5472,""title"":바나나쉬폰컵케익}"
"{""scrap"":299,""time"":20분,""calories"":111.1 kcal,""id"":5471,""title"":떠먹는 생과일 양갱}"
"{""scrap"":283,""time"":60분,""calories"":256.3 kcal,""id"":5469,""title"":마시멜로우}"
"{""scrap"":110,""time"":50분,""calories"":572.0 kcal,""id"":5468,""title"":육전}"
"{""scrap"":288,""time"":45분,""calories"":745.0 kcal,""id"":5467,""title"":생딸기연유우유}"
"{""scrap"":233,""time"":30분,""calories"":941.5 kcal,""id"":5466,""title"":차돌박이 비빔국수}"
"{""scrap"":478,""time"":15분,""calories"":715.2 kcal,""id"":5465,""title"":삼겹살 국물떡볶이}"
"{""scrap"":372,""time"":분,""calories"":554.0 kcal,""id"":5464,""title"":칼질중급 편}"
"{""scrap"":139,""time"":60분,""calories"":445.9 kcal,""id"":5463,""title"":이십삼시 오십구분 : 손칼국수 편}"
"{""scrap"":78,""time"":70분,""calories"":369.4 kcal,""id"":5461,""title"":잡곡찰밥}"
"{""scrap"":373,""time"":60분,""calories"":147.8 kcal,""id"":5460,""title"":황태죽}"
"{""scrap"":360,""time"":30분,""calories"":216.3 kcal,""id"":5459,""title"":과일탕후루}"
"{""scrap"":260,""time"":30분,""calories"":422.9 kcal,""id"":5458,""title"":꼬치세트}"
"{""scrap"":533,""time"":20분,""calories"":481.4 kcal,""id"":5457,""title"":불계토스트}"
"{""scrap"":241,""time"":15분,""calories"":346.7 kcal,""id"":5456,""title"":누텔라푸딩}"
"{""scrap"":333,""time"":10분,""calories"":341.6 kcal,""id"":5455,""title"":떡맛탕}"
"{""scrap"":291,""time"":15분,""calories"":Null,""id"":5454,""title"":바게투게더}"
"{""scrap"":354,""time"":20분,""calories"":147.5 kcal,""id"":5453,""title"":새우치즈오븐구이}"
"{""scrap"":1393,""time"":5분,""calories"":892.5 kcal,""id"":5452,""title"":순두부찌개라면}"
"{""scrap"":135,""time"":5분,""calories"":341.6 kcal,""id"":5451,""title"":앙버터}"
"{""scrap"":1790,""time"":15분,""calories"":615.0 kcal,""id"":5450,""title"":야끼오니기리}"
"{""scrap"":3863,""time"":5분,""calories"":72.3 kcal,""id"":5449,""title"":오이고추된장무침}"
"{""scrap"":290,""time"":15분,""calories"":590.7 kcal,""id"":5448,""title"":추억의 사라다}"
"{""scrap"":177,""time"":30분,""calories"":143.9 kcal,""id"":5447,""title"":동그랑땡 탕수}"
"{""scrap"":123,""time"":15분,""calories"":396.0 kcal,""id"":5446,""title"":꼬치전김밥}"
"{""scrap"":583,""time"":15분,""calories"":Null,""id"":5445,""title"":계란만두}"
"{""scrap"":578,""time"":20분,""calories"":470.0 kcal,""id"":5444,""title"":콩나물국밥}"
"{""scrap"":741,""time"":10분,""calories"":1177.3 kcal,""id"":5443,""title"":쏘야볶음면}"
"{""scrap"":487,""time"":분,""calories"":301.8 kcal,""id"":5442,""title"":칼질초급 편}"
"{""scrap"":133,""time"":30분,""calories"":468.5 kcal,""id"":5440,""title"":이십삼시 오십구분 : 대구지리탕 편}"
"{""scrap"":109,""time"":30분,""calories"":562.3 kcal,""id"":5439,""title"":돼지고기, 오징어산적}"
"{""scrap"":2619,""time"":30분,""calories"":564.8 kcal,""id"":5438,""title"":수플레 팬케이크}"
"{""scrap"":1561,""time"":30분,""calories"":320.6 kcal,""id"":5437,""title"":새송이떡갈비}"
"{""scrap"":120,""time"":120분,""calories"":558.0 kcal,""id"":5436,""title"":솔트카라멜퍼지}"
"{""scrap"":343,""time"":40분,""calories"":1798.9 kcal,""id"":5435,""title"":딸기케이크}"
"{""scrap"":848,""time"":15분,""calories"":301.8 kcal,""id"":5434,""title"":연유초콜릿}"
"{""scrap"":495,""time"":20분,""calories"":Null,""id"":5433,""title"":초콜릿 피자}"
"{""scrap"":141,""time"":25분,""calories"":Null,""id"":5432,""title"":바크초콜렛}"
"{""scrap"":980,""time"":30분,""calories"":340.7 kcal,""id"":5431,""title"":나뭇잎 애호박전}"
"{""scrap"":821,""time"":15분,""calories"":752.6 kcal,""id"":5430,""title"":오믈렛라이스}"
"{""scrap"":386,""time"":15분,""calories"":127.4 kcal,""id"":5429,""title"":건새우멸치볶음}"
"{""scrap"":695,""time"":15분,""calories"":198.3 kcal,""id"":5428,""title"":갑오징어초무침}"
"{""scrap"":3718,""time"":15분,""calories"":122.2 kcal,""id"":5427,""title"":닭가슴살 버섯볶음}"
"{""scrap"":107,""time"":20분,""calories"":487.8 kcal,""id"":5426,""title"":떡갈비 버거}"
"{""scrap"":203,""time"":30분,""calories"":1759.0 kcal,""id"":5425,""title"":오븐전기구이통닭}"
"{""scrap"":529,""time"":30분,""calories"":130.2 kcal,""id"":5424,""title"":삼색나물}"
"{""scrap"":501,""calories"":Null,""id"":5423,""time"":분,""title"":홈런볼 티라미슈}"
"{""scrap"":1708,""time"":20분,""calories"":574.9 kcal,""id"":5422,""title"":계란사라다빵}"
"{""scrap"":285,""time"":분,""calories"":473.0 kcal,""id"":5420,""title"":이십삼시 오십구분 : 계란말이 편}"
"{""scrap"":992,""time"":20분,""calories"":Null,""id"":5419,""title"":토마토 바질 캐비지롤}"
"{""scrap"":1076,""time"":20분,""calories"":Null,""id"":5418,""title"":탕수육}"
"{""scrap"":281,""time"":20분분,""calories"":410.2 kcal,""id"":5417,""title"":매생이떡국}"
"{""scrap"":694,""time"":20분,""calories"":558.3 kcal,""id"":5416,""title"":피자토스트}"
"{""scrap"":240,""time"":120분,""calories"":151.8 kcal,""id"":5415,""title"":코하쿠토}"
"{""scrap"":328,""time"":20분,""calories"":Null,""id"":5414,""title"":감자샐러드베이글}"
"{""scrap"":146,""time"":15분,""calories"":610.6 kcal,""id"":5413,""title"":갈릭버터 홍합구이}"
"{""scrap"":460,""time"":15분,""calories"":201.2 kcal,""id"":5412,""title"":초코팝콘}"
"{""scrap"":778,""time"":15분,""calories"":105.9 kcal,""id"":5411,""title"":닭가슴살 장조림}"
"{""scrap"":146,""time"":30분,""calories"":269.3 kcal,""id"":5410,""title"":조기조림}"
"{""scrap"":791,""time"":25분,""calories"":1381.0 kcal,""id"":5409,""title"":베이컨크림파스타}"
"{""scrap"":141,""time"":60분,""calories"":730.2 kcal,""id"":5408,""title"":초계물회}"
"{""scrap"":2885,""time"":60분,""calories"":686.1 kcal,""id"":5407,""title"":소고기 장조림}"
"{""scrap"":1087,""time"":30분,""calories"":903.9 kcal,""id"":5406,""title"":퐁당오쇼콜라}"
"{""scrap"":216,""time"":분,""calories"":1158.0 kcal,""id"":5405,""title"":랍스타 손질법과 활용레시피}"
"{""scrap"":564,""time"":15분,""calories"":Null,""id"":5404,""title"":치킨너겟 샐러드}"
"{""scrap"":419,""time"":20분,""calories"":152.8 kcal,""id"":5403,""title"":시금치 건새우 된장국}"
"{""scrap"":1022,""time"":30분,""calories"":328.9 kcal,""id"":5402,""title"":차돌박이야채찜}"
"{""scrap"":2564,""time"":20분,""calories"":Null,""id"":5401,""title"":윤식당 김치전}"
"{""scrap"":555,""time"":20분,""calories"":538.8 kcal,""id"":5400,""title"":타마고산도}"
"{""scrap"":111,""time"":30분,""calories"":239.5 kcal,""id"":5399,""title"":오렌지마멀레이드}"
"{""scrap"":384,""time"":40분,""calories"":166.2 kcal,""id"":5398,""title"":윤식당 잡채}"
"{""scrap"":822,""time"":30분,""calories"":144.3 kcal,""id"":5397,""title"":치즈포테이토}"
"{""scrap"":661,""time"":30분,""calories"":490.5 kcal,""id"":5396,""title"":콘치즈제육}"
"{""scrap"":928,""time"":20분,""calories"":264.3 kcal,""id"":5395,""title"":빨간어묵꼬치}"
"{""scrap"":1089,""time"":15분,""calories"":1090.1 kcal,""id"":5394,""title"":라면스파게티}"
"{""scrap"":2392,""time"":20분,""calories"":174.6 kcal,""id"":5392,""title"":차돌박이야끼소바}"
"{""scrap"":1613,""time"":20분,""calories"":421.2 kcal,""id"":5391,""title"":하트전}"
"{""scrap"":2206,""time"":30분~분,""calories"":21.2 kcal,""id"":5390,""title"":소고기 무국}"
"{""scrap"":268,""time"":20분,""calories"":560.5 kcal,""id"":5389,""title"":구운새우 하이라이스덮밥}"
"{""scrap"":1288,""time"":25분,""calories"":342.0 kcal,""id"":5388,""title"":어묵콩나물찜}"
"{""scrap"":1288,""time"":25분,""calories"":342.0 kcal,""id"":5389,""title"":에그샌드위치}"
"{""scrap"":1288,""time"":25분,""calories"":342.0 kcal,""id"":5390,""title"":짬뽕}"
"{""scrap"":1288,""time"":25분,""calories"":342.0 kcal,""id"":5391,""title"":회}"
"{""scrap"":1288,""time"":25분,""calories"":342.0 kcal,""id"":5392,""title"":미역국2}"
"{""scrap"":1288,""time"":25분,""calories"":342.0 kcal,""id"":5393,""title"":닭가슴살 샐러드}"
"{""scrap"":1288,""time"":25분,""calories"":342.0 kcal,""id"":5394,""title"":비프스테이크}"
"{""scrap"":1288,""time"":25분,""calories"":342.0 kcal,""id"":5395,""title"":김치찌개2}"
"{""scrap"":1288,""time"":25분,""calories"":342.0 kcal,""id"":5396,""title"":파스타}"
"{""scrap"":1288,""time"":25분,""calories"":342.0 kcal,""id"":5397,""title"":통삼겹구이}"
"{""scrap"":1288,""time"":25분,""calories"":342.0 kcal,""id"":5398,""title"":짜장면}"
"{""scrap"":1288,""time"":25분,""calories"":342.0 kcal,""id"":5399,""title"":두부조림}"
"{""scrap"":1288,""time"":25분,""calories"":342.0 kcal,""id"":5400,""title"":계란말이2}"
"{""scrap"":1288,""time"":25분,""calories"":342.0 kcal,""id"":5401,""title"":돈까스덮밥}"