5980	단호박 스프
5979	베이컨 숙주 볶음
5978	베트남 국민소스 '느억맘'
5977	소고기 장조림
5976	연어 스테이크 & 레몬 머스터드 드레싱
5975	로스트 치킨 스테이크
5974	토마토소스 비법
5973	간장 조림닭
5972	초간단 순두부계란국
5971	에어프라이어로 만드는 고구마 맛탕
5970	다이어트 김밥! 밥없는 김밥
5969	딸기 브루스케타 & 샐러드
5968	두부스팸조림
5967	쫄면
5966	수육&굴무침
5965	치즈폭포 계란말이
5964	한우채끝 짜파구리
5963	무꿀청, 무꿀차
5962	치킨 스테이크
5961	단짠단짠 궁중떡볶이
5960	어묵탕
5959	초간단 LA갈비
5958	양송이치즈구이
5957	홈메이드 간단 닭꼬치
5956	감기예방에 좋은 배숙
5955	보석젤리, 코하쿠토
5954	만능 고기소를 이용한 모듬전
5953	쫀득한 두부간장조림
5952	푸딩처럼 부드러운 계란찜
5951	치즈돈까스
5950	백종원 육개장
5949	김치찌개 비법!
5947	얼큰수제비와 배추전
5946	크림 닭가슴살 스테이크
5945	굴떡국
5944	밀푀유나베
5943	김씨표류기 짜장면
5942	심야식당 탄멘!
5941	하울정식
5940	어벤져스 타코
5939	버터계란밥
5938	닭껍질유린기
5937	새우부추전
5936	연어장&연어덮밥
5935	아스파라거스 베이컨말이
5934	샐러드파스타
5933	팥가루로 만드는 초간단 팥죽
5932	감바스 알 아히요
5929	김치볶음밥
5924	콩나물국밥
5915	버터계란밥
5914	계란말이
5913	소고기 무국
5912	돼지고기 김치찌개
5911	콩나물국
5910	소고기 볶음 고추장
5909	맛간장
5908	두부계란전
5907	치킨 스테이크
5900	후추 오징어
5899	도토리묵밥(묵사발)
5898	빠삐코 라떼
5897	키스틱 식빵 핫도그
5896	베이컨키스틱말이
5894	돌돌말이 샌드위치꼬치 
5893	알리오올리오
5892	꼬막비빔밥
5891	고구마 스틱 앤 튀김
5890	미역국
5889	된장찌개
5888	소시지 파프리카 볶음
5887	팬케잌
5885	규카츠
5884	연어초밥, 연어장, 연어 샐러드
5883	아맛나맛 나는 아맛나 팥라떼
5882	통팥듬뿍, 추억의 아맛나 옛날 빙수
5881	추억의 별난바 파르페
5880	별난다방 카페라떼
5878	김치 볶음밥
5877	김치 비빔국수
5876	 매운 제육볶음
5875	김치 전
5874	김치 전 만들기
5873	황금돼지바 프라푸치노
5872	초코바나나 스무디 레시피
5869	스팸주먹밥
5868	진짜 맛있는데 간단햄 부대찌개
5867	김치피자로스팜 : 김피팜
5866	로스팜 무쌈말이
5862	플레인 요구르트 X 그래놀라 이색만남
5861	민트초코아이스크림 핫케이크
5860	민트초코 프라푸치노
5859	쾌변 리뉴얼
5858	크림카레우동
5857	차돌박이 크림 파스타 
5856	고추기름 묵볶이
5855	돌돌말이 키스틱꼬치
5854	추억의 옛날빙수
5849	허니버터 감자칩 
5846	브케스무디
5843	토마토빙수
5842	차돌파스타
5841	무한피망
5840	참치라자냐
5839	라이스푸딩
5838	간장비빔국수
5837	식빵계란빵
5836	가지타르틴
5835	앙빠다코코낫
5834	수박냉면
5833	춘천닭갈비
5830	아란치니&콜리플라워소스
5829	멘보샤
5828	감자오믈렛
5826	레인보우토스트
5825	탄탄비빔면
5824	전남친토스트
5823	스팸동
5822	스칼로피네 알 리모네
5821	수박셔벗
5819	땡모반
5818	크레페
5817	매운참치라면
5816	베이컨맛탕
5815	홈메이드냉면
5813	닭날개볶음밥
5812	청양새우젓콩나물국
5811	대파가지제육볶음
5810	돼지고기 볶음고추장
5809	빠에야
5808	우동짜장
5807	리얼복숭아 아이스티
5806	순살양념꽃게장
5805	알록옥수수
5804	청포도 판나코타
5802	마약계란
5801	게맛살오이초무침
5800	샐러드동치미냉소면
5799	메로나튀김
5798	오돌뼈볶음
5797	야키소바빵
5796	식빵치즈스틱
5795	아이스크림 호떡
5794	시원한 날치알 냉우동
5793	콩물샤브샤브
5792	즉석짜장떡볶이
5791	매운당면찌개
5790	매실편 - 매실청담그기
5789	밀푀유김치찜
5788	묵은지 볶음
5787	불족발
5786	볶음김치 라자냐
5785	굴소스볶음파스타
5784	아보카도버거
5783	감자밥
5782	새우완탕떡국
5781	오트밀바게트 불고기샌드위치
5780	콜드소이파스타
5779	일본식 냉라면
5778	동원 훈제연어
5776	스카치에그
5775	콘치즈 핫소세지
5773	맥앤치즈
5772	순대꼬치
5771	아욱국
5770	베리컵젤리
5769	집여해_보성녹차떡갈비
5767	번데기탕
5766	버섯굴매운탕
5765	낙지닭한마리전골
5764	오리지날 버팔로윙
5763	실곤약모밀
5759	중국당면볶이
5758	쓰고 남은 기름 활용법
5757	비빔칼국수
5756	단호박 고로케
5755	자색고구마칩
5754	오지치즈후라이
5753	고갈비구이
5752	꽈리고추닭불고기
5751	논알코올 믹스모히또
5750	집여해_마약육전
5749	태극쿠키
5748	타코
5747	육회비빔냉면
5746	대파삼겹볶음
5743	대구 시골막창
5742	교리김밥
5741	무뼈닭발
5740	여수 해물삼합
5738	고구마맛탕
5737	바질 돼지고기 덮밥
5736	토마토라면
5735	시원하게 즐기는 속초물회
5734	목포 바지락비빔밥
5733	대구 중화식비빔밥
5732	춘천 막국수
5731	설빙 퐁당치즈가래떡
5730	차돌박이고추장찌개
5729	얼갈이  꽁보리밥
5728	아침 고등어
5727	아침 감자
5725	닭두루치기
5724	두부탕수
5723	상추튀김
5722	사골들깨칼국수 by 신도칼국수
5721	누텔라피자
5720	하와이안 포케
5719	갈치조림
5718	전주 떡갈비
5717	양파장아찌
5716	가벼운 듯 환상의 조합! 청포도 발사믹 샐러드
5715	무알콜 시트러스 모히또
5714	두부미역전
5713	토마토소스덮밥
5712	육즙가득 짬뽕 군만두
5711	완도 꼬마전복
5709	라따뚜이
5708	취나물밥
5706	베트남반쎄오
5705	요거트 과일샐러드
5704	닭가슴살 한방부추찜
5703	두부 티라미수
5702	쌈장볶음밥
5701	깍두기 볶음밥
5700	바나나 토스트
5699	토마토해물떡볶이
5698	제철해물판모밀
5697	구운 호박볶음
5696	팽이오징어볶음
5692	장어덮밥
5691	두릅튀김
5690	비어캔치킨
5688	피자김밥
5687	백골뱅이탕
5686	생딸기컵케익
5685	낙지 연포탕
5684	참치 타다끼 샐러드.
5683	마리네이드 스테이크
5682	갈릭마요치킨바베큐
5681	롤샌드위치
5680	발사믹소스의 찹스테이크
5679	텐그릴 토스터
5677	뉴질랜드 그린홍합
5676	닭날개 꼬치
5675	맛있는 튀김 만드는법
5674	호두파이
5673	나폴리탄스파게티
5672	구절판
5671	밥통딸기초코케이크
5670	미니언즈주먹밥
5669	시금치롤
5668	훈제연어 베이글 샌드위치
5667	만두부대찌개
5665	양념 팝콘치킨
5664	소고기 미니 김밥
5663	떡꼬치
5661	파스타토스트
5660	소떡소떡
5659	비건피자 루꼴라피자
5658	단호박 크림새우찜
5657	게맛살부추스파게티
5656	햇감자조림
5653	프리미엄 게맛살
5652	병아리 연유빵
5650	닭똥집 튀김
5648	김치찌개
5647	청양고추 크림 파스타
5645	프라이드 피자
5643	중국식가지튀김
5642	장어 잡채
5641	슈니첼&양송이소스
5640	새우튀김
5639	고구마순나물 볶음
5638	깍두기
5637	토마토달걀덮밥
5636	레몬마요새우
5635	사과마멀레이드
5634	브로콜리소시지볶음
5633	부추된장국
5632	부추튀김
5630	백골뱅이
5628	꿔바로우
5625	콩나물국
5624	매운순대볶음
5623	도토리묵 무침
5622	칼질고급 편
5620	간단 닭개장
5619	고추장립
5618	미나리파스타
5617	닭볶음탕
5616	멜팅치즈제육철판
5615	레터스샌드위치
5611	돈까스 국수
5610	꼬시래기해초무침
5609	장아찌스팸주먹밥
5607	푸실리 바지락 봉골레 파스타
5606	수제 귤청 에이드
5605	골뱅이 비빔라면
5604	깻잎지
5603	김치버터 파스타
5602	계란 장조림
5601	홈메이드 자루소바
5600	소고기 비빔간장
5599	태국식고기덮밥
5598	타마고산도
5597	주꾸미초무침
5596	매운돈가쓰
5595	닭갈비전골
5594	실버스타 통주물 에그팬
5593	육회 물회
5592	세발나물무침
5591	콩나물잡채
5590	계란 반숙 삶기 & 계란 껍질 쉽게 까기
5589	치즈 베이컨 말이
5588	이삭토스트
5587	스팸하트김밥
5586	본 인 스테이크
5584	벚꽃머랭쿠키
5583	물쫄면
5582	김치 길거리 토스트
5581	고갈비구이
5580	미더덕콩나물찜
5579	인도 치킨커리
5577	버섯두부지짐이
5576	곰돌이버거
5574	젤리플라워
5573	소고기버섯말이찜
5572	쑥 버무리
5571	딸기 밀푀유
5569	카레시즈닝 닭다리구이
5568	쥐포튀김과 와사비마요
5567	딸기 리코타 샌드위치
5566	딸기 막걸리
5565	 쑥 인절미
5564	참치김치덮밥
5562	호가네 주꾸미
5560	키리모찌
5559	이십오 참치
5556	더 신선한 매생이
5555	쭈꾸뿅 쭈꾸미
5554	장충동 순대
5553	달래봉골레 파스타
5552	해물크림나베
5551	달래명란쌀밥
5550	양념장만들기
5549	반숙삶기
5548	먹태 버터구이
5547	계란부타모야시
5546	사과배추겉절이
5545	화전
5544	와사마요 떡볶이
5543	삼겹살 미나리 무침
5542	딸기 크림치즈 랩
5541	버섯 장조림
5540	취나물밥과 양념장
5539	참깨드레싱 두부샐러드
5538	귀빈정 오돌뼈
5537	바른씨 생연어
5536	양양떡볶이
5533	수제 명란크림우동
5527	돌아와요 부산어묵
5526	대패오징어
5525	대게딱지장
5524	테라오카 계란간장
5522	쪽파 봉골레 국물 파스타
5518	금방돼지국수
5517	몽골리안비프라면
5516	닭똥집 볶음
5515	떡찜
5514	연근조림
5513	소고기콩나물밥
5512	석류소스 목살스테이크
5511	홈메이드 아이스티
5507	매운당면떡볶이
5506	유리 사탕
5505	이탈리안 소세지 브로콜리 볶음
5504	연어 링귀니
5503	치즈퀘사디아&허니크림치즈소스
5502	버터크림까르보나라
5501	채식샌드위치
5500	피망버섯채볶음
5499	치즈이모모찌
5498	방울양배추볶음.
5497	고추참치파스타
5496	우유 콜라 라면
5495	모츠나베
5494	엄지네꼬막
5493	사과프리터
5492	오렌지젤리
5491	딸기마카롱
5490	가지튀김과 쪽파소스
5489	일본식 야채 카레
5488	일본식영양밥
5487	주꾸미 꼬치구이
5486	샐러드 파스타
5485	밀크카라멜
5484	치즈잡채볶음밥
5483	쇠고기 비빔국수
5482	항정살덮밥
5481	핫케익머핀
5480	사과도넛
5479	매콤만두교자
5478	초콜릿카레
5477	고등어강정
5476	소세지빵
5475	머랭케이크
5474	돼지목살통구이
5473	치킨스튜파스타
5472	바나나쉬폰컵케익
5471	떠먹는 생과일 양갱
5469	마시멜로우
5468	육전
5467	생딸기연유우유
5466	차돌박이 비빔국수
5465	삼겹살 국물떡볶이
5464	칼질중급 편
5463	이십삼시 오십구분 : 손칼국수 편
5461	잡곡찰밥
5460	황태죽
5459	과일탕후루
5458	꼬치세트
5457	불계토스트
5456	누텔라푸딩
5455	떡맛탕
5454	바게투게더
5453	새우치즈오븐구이
5452	순두부찌개라면
5451	앙버터
5450	야끼오니기리
5449	오이고추된장무침
5448	추억의 사라다
5447	동그랑땡 탕수
5446	꼬치전김밥
5445	계란만두
5444	콩나물국밥
5443	쏘야볶음면
5442	칼질초급 편
5440	이십삼시 오십구분 : 대구지리탕 편
5439	돼지고기, 오징어산적
5438	수플레 팬케이크
5437	새송이떡갈비
5436	솔트카라멜퍼지
5435	딸기케이크
5434	연유초콜릿
5433	초콜릿 피자
5432	바크초콜렛
5431	나뭇잎 애호박전
5430	오믈렛라이스
5429	건새우멸치볶음
5428	갑오징어초무침
5427	닭가슴살 버섯볶음
5426	떡갈비 버거
5425	오븐전기구이통닭
5424	삼색나물
5423	홈런볼 티라미슈
5422	계란사라다빵
5420	이십삼시 오십구분 : 계란말이 편
5419	토마토 바질 캐비지롤
5418	탕수육
5417	매생이떡국
5416	피자토스트
5415	코하쿠토
5414	감자샐러드베이글
5413	갈릭버터 홍합구이
5412	초코팝콘
5411	닭가슴살 장조림
5410	조기조림
5409	베이컨크림파스타
5408	초계물회
5407	소고기 장조림
5406	퐁당오쇼콜라
5405	랍스타 손질법과 활용레시피
5404	치킨너겟 샐러드
5403	시금치 건새우 된장국
5402	차돌박이야채찜
5401	윤식당 김치전
5400	타마고산도
5399	오렌지마멀레이드
5398	윤식당 잡채
5397	치즈포테이토
5396	콘치즈제육
5395	빨간어묵꼬치
5394	라면스파게티
5392	차돌박이야끼소바
5391	하트전
5390	소고기 무국
5389	구운새우 하이라이스덮밥
5388	어묵콩나물찜
5387	에그샌드위치
5386	짬뽕
5385	회
5384	미역국2
5383	닭가슴살 샐러드
5382	비프스테이크
5381	김치찌개2
5380	파스타
5379	통삼겹구이
5378	짜장면
5377	두부조림
5376	계란말이2
5375	돈까스덮밥