5980	["양식 요리"]	[“채소류 요리”]
5979	["퓨전요리"]	[“육류 요리”, “채소류 요리”, “버섯류”]
5978	["동남아/인도 요리"]	[“채소류 요리”]
5977	["한식 요리"]	[“육류 요리”, “양념”]
5976	["양식 요리","이국적인맛"]	[“육류 요리”]
5975	["한식 요리","퓨전요리"]	[“육류 요리”]
5974	["양식 요리"]	[“채소류 요리”]
5973	["한식 요리"]	[“육류 요리”]
5972	["한식 요리"]	[“콩/두부/견과류”, “달걀/유제품 요리”]
5971	["한식 요리"]	[“채소류 요리”]
5970	["한식 요리"]	[“채소류 요리”]
5969	["양식 요리"]	[“채소류 요리”,“과일 요리”]
5968	["한식 요리"]	[“콩/두부/견과류”]
5967	["한식 요리"]	[“면/만두요리”]
5966	[“한식 요리”]	[“육류 요리”,“해산물 요리”]
5965	["한식 요리"]	["달걀/유제품 요리"]
5964	["한식 요리"]	[“육류 요리”,“면/만두요리”]
5963	["한식 요리"]	[“음료/차/커피”]
5962	["한식 요리"]	[“육류 요리”]
5961	["한식 요리"]	[“밀가루”, “떡”, “버섯류”, “양념”]
5960	["한식 요리"]	[“가공식품”, “튀김요리”]
5959	["한식 요리"]	[“육류 요리”]
5958	["퓨전요리"]	["채소류 요리”, “버섯류”, “달걀/유제품 요리”]
5957	["퓨전요리"]	[“육류 요리”,“채소류 요리”]
5956	["한식 요리"]	["과일 요리"]
5955	["이국적인맛"]	[“사탕류”]
5954	["한식 요리"]	[“육류 요리”, “채소류 요리”, “콩/두부/견과류”, “밀가루”]
5953	["한식 요리"]	[“콩/두부/견과류”]
5952	["일식 요리"]	["달걀/유제품 요리"]
5951	["퓨전요리"]	[“육류 요리”, “튀김요리”, “가공식품”, “달걀/유제품 요리”]
5950	["한식 요리"]	[“육류 요리”, “채소류”]
5949	["한식 요리"]	[“김치요리”, “콩/두부/견과류”]
5947	["한식 요리"]	["채소류 요리”, “밀가루”]
5946	["양식 요리"]	[“육류 요리”, “버섯류”, “달걀/유제품 요리”]
5945	["한식 요리"]	[“해산물”, “쌀”, “떡”]
5944	["퓨전요리"]	[“채소류 요리”, “육류 요리”, “버섯류”]
5943	["중식 요리"]	[“밀가루”]
5942	["일식 요리"]	["채소류 요리"]
5941	["양식 요리"]	[“육류 요리”, “달걀/유제품”]
5940	["멕시칸 요리"]	[“육류 요리”, “채소류 요리”]
5939	["한식 요리"]	["달걀/유제품 요리”, “쌀”]
5938	["중식 요리"]	["채소류 요리"]
5937	["한식 요리"]	["채소류 요리"]
5936	["한식 요리"]	[“해산물”, “쌀”]
5935	["양식 요리","이국적인맛"]	["채소류 요리”, “육류 요리”]
5934	["양식 요리"]	["채소류 요리”, “면/만두요리”, “밀가루”]
5933	["한식 요리"]	["콩/두부 요리"]
5932	["양식 요리"]	["채소류 요리"]
5929	["한식 요리"]	["김치요리"]
5924	["한식 요리"]	["채소류 요리","콩/두부 요리"]
5915	["한식 요리"]	["달걀/유제품 요리"]
5914	["한식 요리"]	["달걀/유제품 요리"]
5913	["한식 요리"]	["채소류 요리"]
5912	["한식 요리"]	[“육류 요리”, “채소류 요리”, “콩/두부/견과류”]
5911	["한식 요리"]	["채소류 요리","콩/두부 요리"]
5910	["한식 요리"]	[“육류 요리”]
5909	["한식 요리"]	["채소류 요리","콩/두부 요리","달걀/유제품 요리"]
5908	["한식 요리"]	["콩/두부 요리","달걀/유제품 요리"]
5907	["한식 요리","양식 요리","퓨전요리"]	[“육류 요리”]
5900	["동남아/인도 요리"]	[“해산물”]
5899	["한식 요리"]	["채소류 요리","달걀/유제품 요리”, “쌀”]
5898	["한식 요리","양식 요리","퓨전요리","이국적인맛"]	["달걀/유제품 요리”, “음료/차/커피”]
5897	["한식 요리","멕시칸 요리","양식 요리","퓨전요리","이국적인맛"]	["달걀/유제품 요리","가공식품 요리”, “밀가루”]
5896	["한식 요리","일식 요리","멕시칸 요리","양식 요리","퓨전요리","이국적인맛"]	["달걀/유제품 요리","가공식품 요리”, “육류 요리”]
5894	["한식 요리","퓨전요리","이국적인맛"]	["채소류 요리","달걀/유제품 요리","가공식품 요리”, “밀가루”]
5893	["양식 요리"]	[“면/만두요리”, “밀가루”]
5892	["한식 요리"]	[“해산물”, “쌀”]
5891	["한식 요리"]	["채소류 요리"]
5890	["한식 요리"]	[“해산물”]
5889	["한식 요리"]	[“콩/두부 요리”]
5888	["한식 요리","이국적인맛"]	[“육류 요리”, “채소류 요리”, “쌀”]
5887	["한식 요리"]	[“달걀/유제품 요리”, “밀가루”]
5885	["일식 요리"]	["달걀/유제품 요리"]
5884	["일식 요리"]	[“해산물”, “채소류 요리”]
5883	["한식 요리","퓨전요리","이국적인맛"]	["콩/두부 요리","달걀/유제품 요리","가공식품 요리”, “음료/차/커피”]
5882	["한식 요리","퓨전요리","이국적인맛"]	["달걀/유제품 요리","가공식품 요리”, “음료/차/커피”]
5881	["한식 요리","양식 요리","퓨전요리","이국적인맛"]	["달걀/유제품 요리"]
5880	["한식 요리","양식 요리","퓨전요리","이국적인맛"]	["달걀/유제품 요리","가공식품 요리"]
5878	["한식 요리","퓨전요리"]	[“김치요리”, “쌀”, “채소류 요리”]
5877	["한식 요리"]	["김치요리","가공식품 요리"]
5876	["한식 요리"]	[“육류 요리”]
5875	["한식 요리"]	[“김치요리”,"채소류 요리”, “밀가루”]
5874	["한식 요리"]	["김치요리","채소류 요리", “밀가루”]
5873	["한식 요리","이국적인맛"]	["달걀/유제품 요리”, “음료/차/커피”]
5872	["한식 요리","퓨전요리"]	["과일 요리","달걀/유제품 요리”, “음료/차/커피”]
5869	["한식 요리"]	[“육류 요리”, “가공식품 요리”, “쌀”]
5868	["한식 요리"]	["김치요리","채소류 요리”,”콩/두부/견과류"]
5867	["한식 요리","중식 요리","양식 요리","퓨전요리","이국적인맛"]	["김치요리","가공식품 요리”, “밀가루”]
5866	["한식 요리","동남아/인도 요리","멕시칸 요리","양식 요리","퓨전요리"]	["채소류 요리","가공식품 요리"]
5862	[]	["과일 요리","달걀/유제품 요리"]
5861	[]	["달걀/유제품 요리”, “밀가루”, “음료/차/커피”]
5860	[]	[“음료/차/커피”, “달걀/유제품 요리”]
5859	[]	["과일 요리","달걀/유제품 요리"]
5858	["양식 요리"]	[“면/만두요리”, “밀가루”, “달걀/유제품 요리”]
5857	["양식 요리","퓨전요리"]	[“육류 요리”, “면/만두요리”, “밀가루”]
5856	["한식 요리","중식 요리","퓨전요리"]	[“채소류 요리”]
5855	["퓨전요리"]	["과일 요리”, “밀가루”, “과일 요리”]
5854	["한식 요리"]	[“음료/차/커피”, “달걀/유제품 요리”]
5849	[]	[“밀가루”, “달걀/유제품 요리”]
5846	[]	["채소류 요리","과일 요리”, “음료/차/커피”]
5843	["일식 요리","양식 요리","퓨전요리"]	["채소류 요리","달걀/유제품 요리”, “음료/차/커피”]
5842	["양식 요리"]	[“육류 요리”, “밀가루”, “면/만두요리”]
5841	["한식 요리"]	["채소류 요리","가공식품 요리"]
5840	["양식 요리","이국적인맛"]	[“해산물”, “채소류 요리”, “달걀/유제품 요리”]
5839	["양식 요리"]	["과일 요리","달걀/유제품 요리","가공식품 요리”, “쌀”]
5838	["한식 요리"]	[“면/만두요리”, “밀가루”]
5837	["한식 요리","양식 요리"]	["달걀/유제품 요리”, “밀가루”]
5836	["양식 요리"]	["채소류 요리"]
5835	[]	["가공식품 요리”, “밀가루”]
5834	["한식 요리"]	["과일 요리”, “면/만두요리”, “밀가루”]
5833	["한식 요리"]	[“육류 요리”]
5830	["양식 요리"]	[“육류 요리”, “밀가루”]
5829	["한식 요리","중식 요리"]	["달걀/유제품 요리”, “해산물”]
5828	["양식 요리"]	["채소류 요리","달걀/유제품 요리"]
5826	["한식 요리"]	["달걀/유제품 요리”, “밀가루”]
5825	["중식 요리"]	[“면/만두요리”, “밀가루”]
5824	["양식 요리"]	["달걀/유제품 요리”, “밀가루”]
5823	["한식 요리","일식 요리"]	["달걀/유제품 요리","가공식품 요리"]
5822	["양식 요리","이국적인맛"]	[“육류 요리”, “달걀/유제품 요리”]
5821	[]	["과일 요리"]
5819	["동남아/인도 요리"]	["과일 요리"]
5818	["양식 요리"]	[“달걀/유제품 요리”, “음료/차/커피”]
5817	["한식 요리"]	[“가공식품 요리”, “면/만두요리”, “밀가루”]
5816	["양식 요리","이국적인맛"]	[“가공식품 요리”, “밀가루”]
5815	["한식 요리"]	[“육류 요리”, “밀가루”, “면/만두요리”]
5813	[]	[“가공식품 요리”, “쌀”, “육류 요리”]
5812	["한식 요리"]	["채소류 요리","콩/두부 요리"]
5811	["한식 요리"]	["채소류 요리”, “육류 요리”]
5810	["한식 요리"]	[“육류 요리”]
5809	["양식 요리"]	[“쌀”, “해산물”, “채소류 요리”, “버섯류”]
5808	["한식 요리","퓨전요리"]	[“가공식품 요리”, “면/만두요리”, “밀가루”]
5807	[]	["과일 요리”, “음료/차/커피”]
5806	["한식 요리"]	["가공식품 요리"]
5805	["퓨전요리"]	["채소류 요리"]
5804	["양식 요리"]	["과일 요리"]
5802	[]	["달걀/유제품 요리"]
5801	["한식 요리","퓨전요리"]	["채소류 요리","가공식품 요리"]
5800	["한식 요리"]	["채소류 요리","달걀/유제품 요리","가공식품 요리"]
5799	["퓨전요리","이국적인맛"]	["가공식품 요리"]
5798	["한식 요리"]	["채소류 요리"]
5797	[]	[“채소류 요리”, “가공식품 요리”, “달걀/유제품 요리”, “밀가루”]
5796	[]	[“달걀/유제품 요리”, “밀가루”]
5795	[]	["가공식품 요리”, “달걀/유제품 요리”]
5794	["일식 요리","이국적인맛"]	["달걀/유제품 요리","가공식품 요리”, “면/만두요리”, “밀가루”]
5793	["한식 요리","퓨전요리"]	["콩/두부 요리”, “육류 요리”]
5792	["한식 요리"]	[“가공식품 요리”, “밀가루”, “떡”, “양념”]
5791	["한식 요리"]	[“면/만두요리”, “채소류 요리”, “버섯류”]
5790	[]	["과일 요리"]
5789	["한식 요리"]	["김치요리"]
5788	["한식 요리"]	["김치요리"]
5787	[]	["채소류 요리","가공식품 요리"]
5786	["양식 요리"]	[“육류 요리”, “김치요리”]
5785	["양식 요리","퓨전요리"]	["채소류 요리”, “가공식품 요리”, “밀가루”, “면/만두요리”]
5784	["양식 요리"]	[“육류 요리”, "채소류 요리","가공식품 요리”, “밀가루”]
5783	["한식 요리"]	[“쌀”, “채소류 요리”]
5782	["한식 요리","중식 요리","퓨전요리"]	["채소류 요리","가공식품 요리”, “해산물”, “버섯류”, “떡”]
5781	["한식 요리","동남아/인도 요리","양식 요리","퓨전요리"]	["채소류 요리","가공식품 요리”, “육류 요리”]
5780	["퓨전요리"]	[“가공식품 요리”, “밀가루”, “면/만두요리”, “달걀/유제품 요리”]
5779	["중식 요리","일식 요리"]	[“가공식품 요리”, “밀가루”, “면/만두요리”, “육류 요리”]
5778	["양식 요리"]	[“해산물”, “채소류 요리”, “달걀/유제품 요리”]
5776	["양식 요리"]	["달걀/유제품 요리"]
5775	["퓨전요리"]	["가공식품 요리”, “달걀/유제품 요리”]
5773	["양식 요리","이국적인맛"]	["달걀/유제품 요리"]
5772	[]	[“가공식품 요리”]
5771	["한식 요리"]	["채소류 요리"]
5770	["양식 요리","퓨전요리"]	["과일 요리","가공식품 요리"]
5769	[]	[“육류 요리”]
5767	["한식 요리"]	["가공식품 요리"]
5766	["한식 요리"]	[“해산물”, “채소류 요리”, “버섯류”]
5765	["한식 요리"]	[“해산물”, “채소류 요리”, “가공식품 요리”, “육류 요리”]
5764	["양식 요리"]	["채소류 요리","달걀/유제품 요리”, “육류 요리”]
5763	["한식 요리","일식 요리","퓨전요리"]	[“면/만두요리“,"달걀/유제품 요리”]
5759	["퓨전요리"]	[“가공식품 요리”, “면/만두요리”]
5758	[]	[]
5757	["한식 요리"]	[“면/만두요리”, “채소류 요리”]
5756	["한식 요리"]	["채소류 요리”, “밀가루”]
5755	[]	["채소류 요리”]
5754	["멕시칸 요리","양식 요리"]	["가공식품 요리"]
5753	["한식 요리"]	[“해산물”, “채소류 요리”]
5752	["한식 요리"]	["채소류 요리”, “가공식품 요리”, “육류 요리”]
5751	["멕시칸 요리","양식 요리","퓨전요리","이국적인맛"]	["과일 요리”, “음료/차/커피”]
5750	["한식 요리"]	[“달걀/유제품 요리”, “채소류 요리”, “가공식품 요리”, “육류 요리”]
5749	[]	[“밀가루”, “달걀/유제품 요리”]
5748	[]	[“밀가루”, “채소류 요리”, “육류 요리”]
5747	["한식 요리"]	[“가공식품 요리”, “육류 요리”, “면/만두요리”]
5746	[]	["채소류 요리”, “육류 요리”]
5743	["한식 요리"]	[“육류 요리”]
5742	["한식 요리"]	["달걀/유제품 요리”, “쌀”]
5741	["한식 요리"]	[“양념”]
5740	[]	["채소류 요리”, “해산물”, “육류 요리”]
5738	["한식 요리"]	["채소류 요리”]
5737	["동남아/인도 요리"]	["채소류 요리","달걀/유제품 요리”, “육류 요리”, “쌀”]
5736	["이국적인맛"]	["달걀/유제품 요리"]
5735	["한식 요리"]	["채소류 요리"]
5734	["한식 요리"]	[“쌀”, “해산물”]
5733	["한식 요리","중식 요리"]	["채소류 요리","가공식품 요리”, “쌀”]
5732	["한식 요리"]	["채소류 요리","과일 요리","가공식품 요리”, “면/만두요리”]
5731	[]	[“쌀","밀가루","달걀/유제품 요리”, “면/만두요리”, “육류 요리”, “떡”]
5730	["한식 요리"]	["채소류 요리”, “육류 요리”]
5729	["한식 요리"]	["채소류 요리”, “쌀”]
5728	["한식 요리"]	[“해산물”]
5727	["퓨전요리"]	["채소류 요리","가공식품 요리"]
5725	["한식 요리"]	["채소류 요리”, “육류 요리”]
5724	[]	["콩/두부 요리"]
5723	[]	["채소류 요리”, “해산물”, “튀김 요리”]
5722	[]	[“면/만두요리”, “밀가루”]
5721	[]	[“밀가루”, “과일 요리”]
5720	["이국적인맛"]	["채소류 요리","가공식품 요리”, “해산물”, “쌀”]
5719	["한식 요리"]	["채소류 요리”, “해산물”]
5718	["한식 요리"]	["채소류 요리”, “육류 요리”]
5717	[]	["채소류 요리"]
5716	["양식 요리"]	["채소류 요리","가공식품 요리"]
5715	[]	["과일 요리”, “음료/차/커피”]
5714	["한식 요리","퓨전요리"]	["가공식품 요리”, “콩/두부/견과류”]
5713	["멕시칸 요리","양식 요리","퓨전요리"]	["채소류 요리","가공식품 요리”,”쌀”]
5712	["한식 요리"]	["가공식품 요리"]
5711	["한식 요리"]	["채소류 요리”,, “해산물”]
5709	["양식 요리"]	["채소류 요리"]
5708	["한식 요리"]	["채소류 요리”, “쌀”]
5706	["동남아/인도 요리","퓨전요리"]	["채소류 요리”, “육류 요리”, “쌀”]
5705	[]	["과일 요리"]
5704	[]	[“육류 요리”, “가공식품 요리”]
5703	["양식 요리"]	["콩/두부 요리"]
5702	["한식 요리"]	["채소류 요리”, “육류 요리”, “쌀”, “김치요리”]
5701	["한식 요리"]	[“김치요리”, “쌀”]
5700	[]	["달걀/유제품 요리”, “밀가루”]
5699	["퓨전요리"]	[“해산물”, “채소류 요리”, “떡”, “양념”]
5698	["일식 요리"]	["가공식품 요리”, “면/만두요리”]
5697	["한식 요리"]	["채소류 요리"]
5696	[]	["채소류 요리"]
5692	["한식 요리","일식 요리","퓨전요리"]	[“쌀”, “해산물”]
5691	["한식 요리"]	["채소류 요리"]
5690	[]	[“육류 요리”, “음료/차/커피”]
5688	["양식 요리","퓨전요리"]	[“육류 요리”, “채소류 요리”, “쌀”]
5687	["한식 요리"]	["가공식품 요리”, “해산물”]
5686	[]	["과일 요리”, “밀가루”, “달걀/유제품 요리”]
5685	["한식 요리"]	[“해산물”]
5684	[]	["채소류 요리"]
5683	["양식 요리"]	[“육류 요리”]
5682	[]	[“육류 요리”]
5681	["퓨전요리"]	["채소류 요리","과일 요리”, “밀가루”]
5680	["양식 요리","퓨전요리","이국적인맛"]	["채소류 요리”, “육류 요리”]
5679	["퓨전요리"]	["채소류 요리”, “육류 요리”]
5677	["양식 요리"]	[“해산물”, “달걀/유제품 요리”, “채소류 요리”]
5676	["퓨전요리"]	[“가공식품 요리”, “육류 요리”]
5675	["한식 요리","일식 요리"]	[“밀가루”]
5674	["양식 요리"]	[“밀가루”, “달걀/유제품 요리”]
5673	["퓨전요리"]	["가공식품 요리”, “면/만두요리”]
5672	["한식 요리"]	["채소류 요리”, “육류 요리”]
5671	[]	[“밀가루”, “달걀/유제품 요리”]
5670	[]	[“쌀”, “달걀/유제품 요리”]
5669	["이국적인맛"]	["채소류 요리","달걀/유제품 요리"]
5668	[]	[“해산물”, “달걀/유제품 요리”, “채소류 요리”]
5667	[]	["가공식품 요리”, “면/만두요리”, “콩/두부/견과류”]
5665	["퓨전요리"]	["가공식품 요리”, “육류 요리”]
5664	["한식 요리"]	[“육류 요리”, “쌀”]
5663	["한식 요리"]	[“떡”]
5661	["양식 요리","퓨전요리"]	[“밀가루”, “달걀/유제품 요리”]
5660	[]	[“떡”, “가공식품 요리”]
5659	[]	["채소류 요리”, “밀가루”, “달걀/유제품 요리”]
5658	[]	["채소류 요리"]
5657	["양식 요리","퓨전요리"]	["채소류 요리","가공식품 요리"]
5656	["한식 요리"]	["채소류 요리"]
5653	["일식 요리"]	["해산물","가공식품 요리”, “쌀”]
5652	["양식 요리"]	["달걀/유제품 요리","가공식품 요리"]
5650	["한식 요리"]	[“튀김 요리”, “양념”]
5648	["한식 요리"]	["김치요리"]
5647	["양식 요리","이국적인맛"]	[“밀가루”, “달걀/유제품 요리”, “소스”]
5645	["양식 요리","퓨전요리"]	["가공식품 요리”, “밀가루”, “달걀/유제품 요리”]
5643	["중식 요리"]	["채소류 요리”, “튀김 요리”, “양념”]
5642	["한식 요리"]	["채소류 요리”, “해산물”, “양념”, “버섯류”]
5641	[]	[“튀김 요리”, “육류 요리”, “소스”, “밀가루”]
5640	[]	[“해산물”, “튀김 요리”]
5639	["한식 요리"]	["채소류 요리"]
5638	["한식 요리"]	["김치요리","채소류 요리"]
5637	["중식 요리"]	["채소류 요리","달걀/유제품 요리”, “쌀”]
5636	[]	[“해산물”, “밀가루”, “소스”]
5635	["양식 요리","퓨전요리"]	["과일 요리"]
5634	["한식 요리"]	["채소류 요리","가공식품 요리”, “소시지”]
5633	[]	["채소류 요리”, “버섯류”]
5632	[]	["채소류 요리”, “튀김 요리”]
5630	["한식 요리"]	[“양념”]
5628	["중식 요리","퓨전요리"]	[“양념”, “육류 요리”, “튀김 요리”]
5625	["한식 요리"]	["채소류 요리","콩/두부 요리"]
5624	[]	[“양념”, “채소류 요리”]
5623	["한식 요리"]	["채소류 요리”, “양념”]
5622	[]	["채소류 요리”, “버섯류”]
5620	["한식 요리"]	["채소류 요리”, “육류 요리”]
5619	[]	[“양념”, “육류 요리”]
5618	["퓨전요리"]	["채소류 요리”, “밀가루”]
5617	["한식 요리"]	[“양념”, “육류 요리”]
5616	["한식 요리","양식 요리","퓨전요리"]	[“양념”, “육류 요리”, “채소류 요리”]
5615	[]	["채소류 요리”, “밀가루”, “소스”]
5611	["퓨전요리"]	[“밀가루”, “튀김 요리”]
5610	["한식 요리"]	["채소류 요리"]
5609	["한식 요리"]	["채소류 요리","가공식품 요리”, “쌀”]
5607	[]	[“해산물”, “밀가루”, “양념”]
5606	[]	["과일 요리”, “음료/차/커피”]
5605	["한식 요리"]	["채소류 요리","가공식품 요리”, “밀가루”, “면/만두요리”]
5604	["한식 요리"]	["채소류 요리"]
5603	["퓨전요리"]	[“김치요리”, “달걀/유제품 요리”, “밀가루”, “면/만두요리”]
5602	["한식 요리"]	["채소류 요리","달걀/유제품 요리"]
5601	["일식 요리"]	[“면/만두요리”]
5600	["한식 요리"]	["채소류 요리"]
5599	["이국적인맛"]	["채소류 요리”, “육류 요리”, “쌀”]
5598	["일식 요리"]	["달걀/유제품 요리"]
5597	[]	[“해산물”, “양념”]
5596	["한식 요리","일식 요리"]	[“튀김 요리”, “육류 요리”, “달걀/유제품 요리”, “쌀”]
5595	["한식 요리"]	["채소류 요리”, “육류 요리”, “달걀/유제품 요리”, “양념”]
5594	["양식 요리","퓨전요리"]	["달걀/유제품 요리"]
5593	["한식 요리"]	[“과일 요리","가공식품 요리”, “해산물”, “면/만두요리”]
5592	["한식 요리"]	["채소류 요리"]
5591	["한식 요리"]	["채소류 요리","콩/두부 요리","가공식품 요리”, “버섯류”]
5590	["한식 요리"]	["달걀/유제품 요리"]
5589	[]	["달걀/유제품 요리”, “가공식품 요리”, “쌀”]
5588	[]	[“밀가루”, “채소류 요리”, "달걀/유제품 요리”]
5587	["한식 요리"]	[“가공식품 요리”, “쌀”]
5586	["양식 요리"]	[“육류 요리”, “달걀/유제품 요리”]
5584	["양식 요리"]	["달걀/유제품 요리”, “밀가루”]
5583	["한식 요리"]	[“면/만두요리”, “양념”]
5582	[]	[“김치요리”, “밀가루”]
5581	[]	[“해산물”, “양념”]
5580	[]	[“채소류 요리”]
5579	["동남아/인도 요리"]	[“육류 요리”, “양념”]
5577	[]	[“콩/두부/견과류”, “버섯류”, “양념”]
5576	[]	[“가공식품 요리”, “밀가루”, “달걀/유제품 요리”]
5574	["퓨전요리"]	["가공식품 요리"]
5573	[]	[“버섯류”, “육류 요리”]
5572	["한식 요리"]	["채소류 요리"]
5571	["양식 요리"]	["과일 요리”, “밀가루”, “달걀/유제품 요리”]
5569	[]	[“육류 요리”, “양념”]
5568	["한식 요리"]	["채소류 요리”, “튀김 요리”]
5567	["퓨전요리"]	["과일 요리”, “밀가루”]
5566	[]	["과일 요리”, “음료/차/커피”]
5565	["한식 요리"]	[“떡”, “채소류 요리”]
5564	["한식 요리"]	[“김치요리”, “해산물”, “쌀”]
5562	["한식 요리"]	["채소류 요리”, “해산물”, “양념”]
5560	["퓨전요리"]	["채소류 요리","가공식품 요리”, “떡”, “양념”]
5559	["일식 요리"]	[“해산물”, “가공식품 요리”]
5556	["한식 요리","일식 요리"]	["달걀/유제품 요리”]
5555	["한식 요리","퓨전요리"]	[“해산물”, “육류 요리”, “달걀/유제품 요리”, “쌀”]
5554	["한식 요리"]	["채소류 요리","가공식품 요리"]
5553	["퓨전요리"]	[“밀가루”, “면/만두요리”, “해산물”, “소스”]
5552	["한식 요리","일식 요리","퓨전요리"]	[“해산물”, “채소류”, “달걀/유제품 요리”]
5551	["한식 요리","일식 요리","퓨전요리"]	["채소류 요리”, “쌀”]
5550	["한식 요리"]	["채소류 요리”, “양념”]
5549	["한식 요리"]	["달걀/유제품 요리"]
5548	["한식 요리"]	["달걀/유제품 요리”, “해산물”]
5547	["일식 요리"]	["채소류 요리","달걀/유제품 요리"]
5546	["한식 요리"]	["채소류 요리","과일 요리"]
5545	["한식 요리"]	[“떡”]
5544	[]	[“떡”, “육류 요리”, “달걀/유제품 요리”]
5543	["한식 요리"]	["채소류 요리”,"육류 요리”]
5542	[]	["과일 요리”, “달걀/유제품 요리”]
5541	["한식 요리"]	[“버섯류”, “양념”]
5540	["한식 요리"]	[“채소류 요리”, “쌀”, “양념”]
5539	[]	["콩/두부 요리"]
5538	["한식 요리"]	["채소류 요리"]
5537	["일식 요리"]	[“해산물”, “쌀”]
5536	["한식 요리"]	["채소류 요리","가공식품 요리”, “떡”, “양념”]
5533	["일식 요리","퓨전요리"]	[“밀가루”, “달걀/유제품 요리”, “면/만두요리”]
5527	["한식 요리","퓨전요리"]	[“밀가루”, “면/만두요리”, “가공식품 요리”]
5526	["한식 요리","퓨전요리"]	[“해산물”, “달걀/유제품 요리”, “양념”]
5525	["한식 요리","퓨전요리"]	[“채소류 요리”, “쌀”, “해산물”]
5524	["한식 요리","퓨전요리"]	["달걀/유제품 요리","가공식품 요리"]
5522	["양식 요리"]	["달걀/유제품 요리","가공식품 요리”, “밀가루”, “면/만두요리”, “해산물”]
5518	["퓨전요리"]	[“밀가루”, “면/만두요리”, “육류 요리”]
5517	[]	[“밀가루”, “면/만두요리”, “육류 요리”, “채소류 요리”, “양념”]
5516	["한식 요리"]	["채소류 요리”,"양념"]
5515	["한식 요리","퓨전요리"]	["채소류 요리","가공식품 요리”, “떡”]
5514	["한식 요리"]	["채소류 요리"]
5513	["한식 요리"]	["채소류 요리”, “육류 요리”, “쌀”]
5512	[]	[“육류 요리”, “채소류 요리”, “과일 요리”]
5511	[]	[“음료/차/커피”]
5507	[]	[“면/만두요리”, “떡”, “양념”]
5506	[]	[]
5505	["퓨전요리","이국적인맛"]	[“소시지”, “채소류 요리”]
5504	["양식 요리"]	[“해산물”, “면/만두요리”]
5503	["멕시칸 요리","퓨전요리"]	["달걀/유제품 요리"]
5502	["양식 요리"]	["달걀/유제품 요리”, “면/만두요리”, “육류 요리”]
5501	["양식 요리","퓨전요리"]	["채소류 요리","가공식품 요리"]
5500	["한식 요리","중식 요리","퓨전요리"]	["채소류 요리","가공식품 요리"]
5499	["일식 요리","퓨전요리"]	["채소류 요리","달걀/유제품 요리"]
5498	[]	["채소류 요리"]
5497	[]	[“가공식품 요리”, “면/만두요리”, “육류 요리”]
5496	["이국적인맛"]	[“김치요리”, “가공식품 요리”, “떡”]
5495	["일식 요리"]	["콩/두부 요리"]
5494	["한식 요리"]	[“해산물”, “쌀”, “양념”]
5493	[]	["과일 요리"]
5492	[]	["과일 요리"]
5491	[]	["달걀/유제품 요리"]
5490	["중식 요리","퓨전요리"]	["채소류 요리"]
5489	["일식 요리"]	[“쌀”, “채소류 요리”]
5488	["일식 요리"]	[“쌀”, “채소류 요리”, “버섯류”]
5487	[]	[“해산물”, “양념”]
5486	[]	["채소류 요리”,”면/만두요리"]
5485	["양식 요리"]	["달걀/유제품 요리"]
5484	["한식 요리","퓨전요리"]	["김치요리","채소류 요리”, “쌀”]
5483	["한식 요리"]	["김치요리","채소류 요리”, “육류 요리”, “면/만두요리”]
5482	["한식 요리","일식 요리"]	[“육류 요리”, “채소류 요리”, “쌀”]
5481	["양식 요리"]	["가공식품 요리”, “밀가루”]
5480	["퓨전요리"]	["과일 요리","가공식품 요리”, “밀가루”]
5479	["한식 요리","일식 요리"]	[“육류 요리”, “면/만두요리”, “양념”]
5478	["일식 요리"]	["가공식품 요리"]
5477	["한식 요리","퓨전요리"]	["가공식품 요리”, “해산물”]
5476	[]	[“소시지”, “밀가루”]
5475	[]	["달걀/유제품 요리”, “밀가루”]
5474	[]	[“육류 요리”]
5473	[]	[“육류 요리”, “면/만두요리”]
5472	[]	["가공식품 요리”, "달걀/유제품 요리”, “밀가루”]
5471	[]	["과일 요리"]
5469	["양식 요리"]	["달걀/유제품 요리"]
5468	["한식 요리"]	["달걀/유제품 요리”, “육류 요리”]
5467	[]	["과일 요리","달걀/유제품 요리"]
5466	["한식 요리"]	[“면/만두요리”, “육류 요리”]
5465	["한식 요리","퓨전요리"]	["가공식품 요리”, “떡”, “양념”]
5464	[]	["채소류 요리"]
5463	["한식 요리"]	[“밀가루”, “면/만두요리”]
5461	["한식 요리"]	["콩/두부 요리”, “쌀”]
5460	["한식 요리"]	["채소류 요리”, “쌀”]
5459	[]	["과일 요리"]
5458	[]	[“해산물”, “양념”, “육류 요리”]
5457	[]	["가공식품 요리”, “밀가루”]
5456	["양식 요리"]	["달걀/유제품 요리","가공식품 요리"]
5455	["한식 요리"]	["가공식품 요리”, “떡”]
5454	["퓨전요리"]	["가공식품 요리”, “밀가루”]
5453	["양식 요리"]	["달걀/유제품 요리”, “해산물”]
5452	["한식 요리"]	["콩/두부 요리","달걀/유제품 요리","가공식품 요리”, “면/만두요리”]
5451	["양식 요리","퓨전요리"]	[“가공식품 요리”, "달걀/유제품 요리"]
5450	["일식 요리"]	["가공식품 요리"]
5449	["한식 요리"]	["채소류 요리"]
5448	[]	["채소류 요리","과일 요리"]
5447	["퓨전요리"]	[“가공식품 요리”, “채소류 요리”, “과일 요리”]
5446	["한식 요리"]	["가공식품 요리”, “쌀”]
5445	["한식 요리"]	["달걀/유제품 요리","가공식품 요리”, “면/만두요리”]
5444	["한식 요리"]	["채소류 요리”]
5443	["퓨전요리"]	[“소시지”, “면/만두요리”, “양념”]
5442	[]	["채소류 요리"]
5440	["한식 요리"]	[“해산물”, “채소류 요리”]
5439	["한식 요리"]	[“버섯류”, “육류 요리”, “해산물”]
5438	["양식 요리"]	["달걀/유제품 요리”,"과일 요리”]
5437	["한식 요리"]	[“떡”, “육류 요리”, “버섯류”]
5436	[]	["달걀/유제품 요리"]
5435	["양식 요리"]	["과일 요리","가공식품 요리"]
5434	["퓨전요리"]	["가공식품 요리”, "달걀/유제품 요리”]
5433	["퓨전요리","이국적인맛"]	["가공식품 요리”, "달걀/유제품 요리”]
5432	[]	["가공식품 요리"]
5431	["한식 요리"]	["채소류 요리"]
5430	["일식 요리","퓨전요리"]	["달걀/유제품 요리”, “소시지”, “쌀”]
5429	["한식 요리"]	[“해산물”, “양념”]
5428	["한식 요리"]	["채소류 요리”, “해산물”, “양념”]
5427	["한식 요리"]	[“버섯류”, “육류 요리”]
5426	["양식 요리","퓨전요리"]	["가공식품 요리”, “밀가루”]
5425	[]	[“육류 요리”]
5424	["한식 요리"]	["채소류 요리"]
5423	["양식 요리"]	["달걀/유제품 요리"]
5422	["한식 요리","양식 요리","퓨전요리"]	["달걀/유제품 요리”, “밀가루”]
5420	["한식 요리"]	["달걀/유제품 요리"]
5419	["퓨전요리"]	["채소류 요리"]
5418	["중식 요리","퓨전요리"]	[“육류 요리”, “튀김 요리”]
5417	["한식 요리"]	[“떡”]
5416	["퓨전요리"]	["가공식품 요리”, “밀가루”]
5415	["일식 요리","퓨전요리"]	["가공식품 요리"]
5414	[]	[“밀가루”, “채소류 요리”]
5413	[]	[“해산물”, "달걀/유제품 요리”]
5412	["퓨전요리"]	["가공식품 요리"]
5411	["한식 요리"]	[“육류 요리”, “버섯류”]
5410	["한식 요리"]	["채소류 요리”, “해산물”]
5409	["양식 요리","퓨전요리","이국적인맛"]	["채소류 요리","가공식품 요리”, "달걀/유제품 요리”]
5408	["한식 요리"]	[“육류 요리”, “채소류 요리”, “과일 요리”, “양념”]
5407	["한식 요리"]	[“육류 요리”, “채소류 요리”]
5406	["양식 요리"]	["달걀/유제품 요리"]
5405	["양식 요리"]	["채소류 요리"]
5404	["양식 요리"]	["채소류 요리","가공식품 요리"]
5403	["한식 요리"]	["채소류 요리”, “해산물”]
5402	["퓨전요리"]	["채소류 요리”, “육류 요리”]
5401	["한식 요리"]	["김치요리","채소류 요리","가공식품 요리"]
5400	["일식 요리"]	["달걀/유제품 요리","가공식품 요리"]
5399	[]	["과일 요리"]
5398	["한식 요리"]	["채소류 요리","가공식품 요리"]
5397	["양식 요리","퓨전요리"]	["채소류 요리”, "달걀/유제품 요리”]
5396	["한식 요리","퓨전요리"]	["가공식품 요리”, "달걀/유제품 요리”, “육류 요리”, “양념”]
5395	[]	["가공식품 요리”, “양념”]
5394	["퓨전요리"]	["가공식품 요리”, “밀가루”, “면/만두요리”]
5392	["일식 요리"]	["가공식품 요리”, “육류 요리”]
5391	["한식 요리"]	["가공식품 요리"]
5390	["한식 요리"]	["채소류 요리”, “육류 요리”]
5389	["한식 요리","일식 요리"]	[“해산물”, “쌀”]
5388	["한식 요리"]	["채소류 요리”,”콩/두부/견과류"]
5387	[]	["달걀/유제품 요리", "밀가루"]
5386	["중식 요리"]	["면/만두요리",”해산물","양념"]
5385	["한식 요리"]	[”해산물"]
5384	["한식 요리"]	[”해산물"]
5383	["한식 요리"]	[“육류 요리”,”채소류 요리"]
5382	["양식 요리"]	[“육류 요리”]
5381	["한식 요리"]	["콩/두부요리","김치요리"]
5380	["양식 요리"]	["가공식품 요리”,"면/만두요리"]
5379	["한식 요리"]	[“육류 요리”,"양념"]
5378	["중식 요리"]	["가공식품 요리”,"면/만두요리","밀가루"]
5377	["한식 요리"]	["양념”,”콩/두부/견과류"]
5376	["한식 요리"]	["달걀/유제품 요리”]
5375	["한식 요리"]	["가공식품 요리”,“육류 요리”,"쌀"]