5980,단호박 스프,30분,42,Null,"[""단호박"",""샐러리"",""당근"",""양파"",""우유"",""꿀"",""후추"",""타임"",""클로브"",""월계수잎"",""시나몬스틱""]"
5979,베이컨 숙주 볶음,20분,114,568.4 kcal,"[""팽이버섯"",""마늘"",""청양고추"",""파"",""양파"",""베이컨"",""숙주"",""고추기름"",""굴소스"",""후추"",""설탕"",""소금"",""깨""]"
5978,베트남 국민소스 '느억맘',20분,72,56.7 kcal,"[""피쉬소스"",""라임즙"",""고추"",""마늘"",""기름"",""꿀"",""라임 제스터""]"
5977,소고기 장조림,50분,122,1580.4 kcal,"[""소고기양지"",""메추리알"",""대파"",""양파"",""마늘"",""생강"",""꽈리고추"",""육수"",""진간장"",""설탕"",""매실액"",""물엿"",""다시마"",""월계수잎"",""후추"",""소주"",""참기름""]"
5976,연어 스테이크 & 레몬 머스터드 드레싱,20분,129,1328.4 kcal,"[""연어"",""상추"",""토마토"",""파프리카"",""적양파"",""아보카도"",""페타치즈"",""올리브유"",""레몬즙"",""마늘"",""머스타드"",""꿀"",""바질"",""오레가노"",""소금"",""후추""]"
5975,로스트 치킨 스테이크,30분,36,2377.8 kcal,"[""닭"",""간장"",""마늘"",""할라피뇨"",""발사믹크림"",""칠리소스"",""감자"",""소금"",""후추""]"
5974,토마토소스 비법,30분,61,114.1 kcal,"[""토마토"",""마늘"",""양파"",""샐러리"",""소금"",""꿀"",""액상치킨스탁"",""월계수잎"",""드라이타임"",""바질"",""오레가노"",""올리브유""]"
5973,간장 조림닭,20분,113,1208.5 kcal,"[""닭"",""마늘"",""페페론치노"",""청양고추"",""부추"",""진간장"",""춘장"",""물엿"",""맛술"",""흑설탕"",""참기름"",""통깨""]"
5972,초간단 순두부계란국,5분,399,Null,"[""순두부"",""계란"",""쪽파"",""국간장"",""소금"",""마늘"",""해물다시팩"",""진간장"",""고추가루"",""설탕"",""마늘"",""깨"",""청양고추""]"
5971,에어프라이어로 만드는 고구마 맛탕,20분,124,184.8 kcal,"[""고구마"",""식용유"",""올리고당"",""설탕""]"
5970,다이어트 김밥! 밥없는 김밥,30분,661,551.6 kcal,"[""김"",""오이"",""당근"",""치즈"",""계란"",""참치"",""깻잎"",""맛살"",""마요네즈"",""파프리카""]"
5969,딸기 브루스케타 & 샐러드,20분,36,348.8 kcal,"[""딸기"",""어린잎채소"",""블루베리"",""스트링치즈"",""바게트"",""크림치즈"",""올리브유"",""꿀"",""소금"",""마늘"",""귤청"",""레몬즙"",""후추""]"
5968,두부스팸조림,20분,273,114.6 kcal,"[""스팸"",""두부"",""마늘"",""청양고추"",""홍고추"",""대파"",""진간장"",""올리고당"",""감자전분"",""후추"",""검은깨""]"
5967,쫄면,20분,83,482.6 kcal,"[""콩나물"",""양파"",""양배추"",""깻잎"",""당근"",""오이"",""쫄면"",""계란"",""참깨"",""고추장"",""식초"",""간장"",""매실액"",""고추가루""]"
5966,수육&굴무침,30분,63,2491.8 kcal,"[""삼겹살"",""양파"",""대파"",""된장"",""사과"",""커피"",""마늘"",""후추"",""생강"",""월계수잎"",""맛술"",""청주"",""설탕"",""생굴"",""무"",""미나리"",""쪽파"",""청양고추"",""홍고추"",""고추가루"",""배"",""액젓"",""식초"",""매실액""]"
5965,치즈폭포 계란말이,15분,70,577.4 kcal,"[""계란"",""스트링치즈"",""체다치즈"",""대파"",""소금""]"
5964,한우채끝 짜파구리,15분,85,Null,"[""채끝살"",""소면/라면"",""짜파게티"",""올리브유"",""소금"",""로즈마리""]"
5963,"무꿀청, 무꿀차",15분,27,Null,"[""무"",""꿀""]"
5962,치킨 스테이크,20분,73,798.2 kcal,"[""닭다리"",""쯔유"",""소금"",""올리고당"",""마늘"",""후추"",""올리브유""]"
5961,단짠단짠 궁중떡볶이,20분,84,633.8 kcal,"[""가래떡"",""소고기"",""당근"",""양파"",""대파"",""표고버섯"",""파프리카"",""참기름"",""굴소스"",""간장"",""올리고당"",""맛술"",""마늘""]"
5960,어묵탕,20분,111,80.0 kcal,"[""종합어묵팩"",""대파"",""양파"",""무"",""청양고추"",""건고추"",""청경채"",""다시마"",""멸치"",""건새우"",""마늘"",""국간장"",""소금"",""후추""]"
5959,초간단 LA갈비,20분,43,258.3 kcal,"[""LA갈비"",""배"",""사과"",""마늘"",""생강"",""진간장"",""설탕"",""물엿"",""맛술"",""참기름"",""후추""]"
5958,양송이치즈구이,20분,190,837.5 kcal,"[""양송이버섯"",""파프리카"",""베이컨"",""대파"",""청양고추"",""모짜렐라치즈"",""체다치즈"",""버터"",""우유"",""소금"",""후추"",""파슬리""]"
5957,홈메이드 간단 닭꼬치,30분,82,595.7 kcal,"[""닭순살"",""대파"",""오이고추"",""양조간장"",""마늘"",""고추가루"",""고추장"",""생강즙"",""굴소스"",""소금"",""설탕"",""물엿"",""청주"",""후추""]"
5956,감기예방에 좋은 배숙,20분,86,210.1 kcal,"[""배"",""생강"",""대추"",""황설탕"",""후추"",""잣""]"
5955,"보석젤리, 코하쿠토",20분,20,Null,"[""한천가루"",""설탕"",""식용색소""]"
5954,만능 고기소를 이용한 모듬전,30분,60,472.7 kcal,"[""소고기"",""돼지고기"",""두부"",""쪽파"",""당근"",""계란"",""밀가루"",""풋고추"",""깻잎"",""맛술"",""올리고당"",""마늘"",""후추""]"
5953,쫀득한 두부간장조림,30분,385,801.3 kcal,"[""두부"",""청양고추"",""홍고추"",""진간장"",""물엿"",""맛술"",""마늘"",""감자전분"",""참기름"",""생강즙"",""검은깨"",""후추""]"
5952,푸딩처럼 부드러운 계란찜,20분,77,196.4 kcal,"[""계란"",""대파"",""새우"",""가쓰오부시"",""소금"",""맛술""]"
5951,치즈돈까스,30분,45,138.2 kcal,"[""돼지고기등심"",""모짜렐라치즈"",""양배추"",""계란"",""빵가루"",""밀가루"",""돈까스소스"",""후추"",""소금""]"
5950,백종원 육개장,20분,73,507.2 kcal,"[""국간장"",""꽃소금"",""후추"",""참기름"",""식용유"",""소고기(불고기용)"",""계란"",""대파"",""느타리버섯"",""표고버섯"",""고사리"",""숙주"",""생강"",""마늘"",""고추가루""]"
5949,김치찌개 비법!,30분,79,131.8 kcal,"[""김치"",""돼지고기앞다리살"",""사골육수"",""두부"",""양파"",""대파"",""소금"",""설탕"",""고추가루"",""멸치가루""]"
5947,얼큰수제비와 배추전,20분,217,Null,"[""배추"",""애호박"",""고추가루"",""고추장"",""밀가루"",""부침가루"",""소금"",""감자"",""대파"",""양파"",""마늘"",""멸치육수""]"
5946,크림 닭가슴살 스테이크,30분,101,1151.5 kcal,"[""닭가슴살"",""양송이버섯"",""생크림"",""우유"",""버터"",""마늘"",""후추"",""소금"",""레드와인""]"
5945,굴떡국,20분,11,481.6 kcal,"[""떡국떡"",""굴"",""대파"",""계란"",""해물다시팩"",""마늘"",""국간장"",""소금""]"
5944,밀푀유나베,30분,269,Null,"[""알배추"",""숙주"",""깻잎"",""소고기 샤브샤브용"",""표고버섯"",""팽이버섯"",""느타리버섯"",""해물다시팩"",""무"",""파뿌리"",""국간장"",""소금"",""진간장"",""올리고당"",""매실청"",""식초"",""청양고추"",""양파""]"
5943,김씨표류기 짜장면,40분,24,Null,"[""중화면"",""양파"",""감자"",""대파"",""양배추"",""춘장"",""오이"",""돼지고기목살"",""계란"",""전분""]"
5942,심야식당 탄멘!,30분,24,Null,"[""돈코츠라멘"",""양배추"",""숙주나물"",""돼지고기앞다리살"",""대파"",""당근""]"
5941,하울정식,15분,37,Null,"[""통베이컨"",""계란"",""바게트""]"
5940,어벤져스 타코,30분,15,Null,"[""또띠아"",""돼지고기"",""올리고당"",""레몬즙"",""칠리소스"",""양상추"",""파프리카"",""방울토마토"",""양파"",""고추""]"
5939,버터계란밥,15분,64,486.8 kcal,"[""밥"",""계란"",""진간장"",""소금"",""버터 무염""]"
5938,닭껍질유린기,30분,7,Null,"[""양상추"",""어린잎채소"",""튀김가루"",""풋고추"",""청양고추"",""진간장"",""식초"",""닭껍질"",""레몬즙"",""설탕"",""마늘"",""카레가루"",""소금"",""후추""]"
5937,새우부추전,20분,189,196.5 kcal,"[""부추"",""칵테일새우"",""청양고추"",""부침가루"",""소금""]"
5936,연어장&연어덮밥,20분,118,Null,"[""연어"",""대파"",""양파"",""청양고추"",""생강"",""진간장"",""맛술"",""설탕"",""후추""]"
5935,아스파라거스 베이컨말이,15분,103,Null,"[""베이컨"",""아스파라거스"",""소금"",""버터""]"
5934,샐러드파스타,20분,114,Null,"[""스파게티면"",""새싹채소"",""베이컨"",""캔옥수수"",""메추리알"",""진간장"",""설탕"",""발사믹식초"",""레몬즙"",""마늘"",""올리브유""]"
5933,팥가루로 만드는 초간단 팥죽,20분,14,Null,"[""팥가루"",""찹쌀가루"",""소금""]"
5932,감바스 알 아히요,15분,59,1868.3 kcal,"[""칵테일새우"",""마늘"",""올리브유"",""페페론치노"",""소금"",""후추""]"
5929,김치볶음밥,20분,2,850.5 kcal,"[""김치"",""식용유"",""밥"",""계란""]"
5924,콩나물국밥,15분,85,33.1 kcal,"[""콩나물"",""대파"",""청양고추""]"
5915,버터계란밥,5분,91,569.4 kcal,"[""밥"",""계란"",""진간장"",""소금"",""버터""]"
5914,계란말이,15분,65,288.7 kcal,"[""계란"",""체다치즈"",""스트링치즈"",""파"",""소금""]"
5913,소고기 무국,20분,1029,249.7 kcal,"[""소고기"",""무"",""파"",""후추"",""소금"",""국간장"",""마늘"",""참기름""]"
5912,돼지고기 김치찌개,15분,169,253.8 kcal,"[""돼지고기앞다리살"",""김치"",""두부"",""파"",""청양고추"",""국간장"",""마늘"",""후추"",""고추가루"",""된장""]"
5911,콩나물국,10분,206,98.0 kcal,"[""콩나물"",""대파"",""청양고추"",""맛소금"",""국간장"",""해물다시팩"",""마늘""]"
5910,소고기 볶음 고추장,30분,330,183.6 kcal,"[""소고기"",""해물다시팩육수"",""고추장"",""파"",""깨"",""진간장"",""마늘"",""설탕"",""참기름"",""후추""]"
5909,맛간장,5분,74,44.0 kcal,"[""양파"",""청양고추"",""진간장"",""식초"",""설탕""]"
5908,두부계란전,15분,406,184.5 kcal,"[""두부"",""계란"",""마늘"",""소금""]"
5907,치킨 스테이크,30분,152,399.1 kcal,"[""닭다리"",""쯔유"",""소금"",""올리고당"",""마늘"",""후추"",""올리브유""]"
5900,후추 오징어,20분,22,343.3 kcal,"[""오징어"",""후추"",""간장""]"
5899,도토리묵밥(묵사발),15분,42,241.2 kcal,"[""도토리묵"",""신김치"",""오이"",""계란"",""김"",""양조간장"",""국간장"",""마늘"",""대파"",""통깨"",""밥"",""밴댕이"",""국물용멸치"",""양파"",""다시마""]"
5898,빠삐코 라떼,5분,78,Null,"[""빠삐코바"",""휘핑크림"",""롯데샌드"",""코코볼""]"
5897,키스틱 식빵 핫도그,15분,29,Null,"[""식빵"",""키스틱크림치즈롤"",""계란"",""빵가루""]"
5896,베이컨키스틱말이,10분,37,Null,"[""키스틱체다치즈"",""베이컨"",""김밥 재료""]"
5894,돌돌말이 샌드위치꼬치 ,5분,147,Null,"[""식빵"",""샌드위치햄"",""치즈"",""쨈"",""요거트"",""꼬지""]"
5893,알리오올리오,20분,64,Null,"[""파스타면"",""양파"",""마늘"",""후추"",""파슬리"",""파마산치즈"",""소금"",""페페론치노"",""베이컨"",""올리브유""]"
5892,꼬막비빔밥,15분,19,559.8 kcal,"[""꼬막"",""양념간장"",""고추가루"",""쌀밥""]"
5891,고구마 스틱 앤 튀김,10분,22,Null,"[""고구마"",""튀김가루"",""청양고추"",""기름""]"
5890,미역국,20분,19,Null,"[""미역"",""국거리소고기"",""마늘"",""참기름""]"
5889,된장찌개,20분,62,196.8 kcal,"[""감자"",""된장"",""양파"",""쇠고기다시다""]"
5888,소시지 파프리카 볶음,3분,28,767.2 kcal,"[""비엔나소시지"",""케첩"",""파프리카"",""양파"",""소금""]"
5887,팬케잌,5분,11,Null,"[""밀가루"",""설탕""]"
5885,규카츠,10분,116,499.8 kcal,"[""소고기 채끝살"",""빵가루"",""밀가루"",""양배추"",""계란""]"
5884,"연어초밥, 연어장, 연어 샐러드",30분,120,520.0 kcal,"[""연어"",""밥"",""양파"",""식초"",""설탕"",""소금"",""쯔유"",""미림"",""양상추""]"
5883,아맛나맛 나는 아맛나 팥라떼,10분,52,Null,"[""아맛나콘"",""빙수팥"",""에스프레소"",""바닐라아이스크림"",""얼음""]"
5882,"통팥듬뿍, 추억의 아맛나 옛날 빙수",15분,21,Null,"[""콘아이스크림"",""우유얼음"",""찹쌀떡"",""팥"",""콩가루""]"
5881,추억의 별난바 파르페,10분,42,Null,"[""아이스크림"",""우유얼음"",""에스프레소"",""바닐라아이스크림"",""시리얼토핑"",""초코시럽"",""토핑""]"
5880,별난다방 카페라떼,10분,72,Null,"[""아이스크림"",""에스프레소"",""우유얼음"",""휘핑크림"",""초콜릿"",""토핑""]"
5878,김치 볶음밥,15분,279,628.6 kcal,"[""묵은지"",""대패삼겹살"",""쪽파"",""밥"",""계란"",""들기름"",""식용유"",""고추가루"",""설탕"",""굴소스"",""진간장"",""후추"",""통깨""]"
5877,김치 비빔국수,15~20분,307,524.3 kcal,"[""묵은김치"",""소면/라면"",""오이"",""청양고추"",""참기름"",""참깨"",""양조간장"",""고추가루"",""고추장"",""마늘"",""매실청"",""올리고당"",""사과식초"",""깨소금""]"
5876," 매운 제육볶음",30분,116,583.1 kcal,"[""돼지고기앞다리살"",""식용유"",""양파"",""대파"",""사과"",""청양고추"",""마늘"",""맛술"",""진간장"",""진간장"",""고추장"",""고추가루"",""요리당"",""카레가루"",""생강즙"",""참기름"",""후추""]"
5875,김치 전,20분,76,108.7 kcal,"[""김치"",""계란"",""대파"",""청양고추"",""고추가루"",""부침가루"",""밀가루"",""콩기름""]"
5874,김치 전 만들기,20분분,86,108.4 kcal,"[""김치"",""계란"",""대파"",""청양고추"",""고추가루"",""부침가루"",""밀가루"",""식용유""]"
5873,황금돼지바 프라푸치노,3분,119,Null,"[""우유"",""크런치초콜릿"",""돼지바"",""얼음"",""휘핑크림""]"
5872,초코바나나 스무디 레시피,1분,114,Null,"[""바나나"",""초콜릿""]"
5869,스팸주먹밥,10분,103,397.5 kcal,"[""스팸"",""밥"",""참기름"",""김""]"
5868,진짜 맛있는데 간단햄 부대찌개,15분,212,Null,"[""햄"",""소시지"",""콩나물"",""김치"",""떡사리"",""당면"",""소면/라면"",""고추장"",""라면스프""]"
5867,김치피자로스팜 : 김피팜,10분,41,Null,"[""김치"",""햄"",""또띠아"",""피자소스"",""옥수수콘"",""피자치즈"",""파프리카"",""새우"",""양파""]"
5866,로스팜 무쌈말이,5분,381,Null,"[""햄"",""오리고기"",""쌈무"",""무순"",""파프리카"",""양파""]"
5862,플레인 요구르트 X 그래놀라 이색만남,3분,45,Null,"[""과일"",""그래놀라 시리얼"",""플레인요거트""]"
5861,민트초코아이스크림 핫케이크,40~50분,17,Null,"[""핫케이크"",""바나나"",""휘핑크림"",""딸기"",""민트초코콘"",""꿀""]"
5860,민트초코 프라푸치노,30분,69,Null,"[""민트초코콘"",""우유"",""얼음"",""휘핑크림"",""초코과자"",""데코용 딸기""]"
5859,쾌변 리뉴얼,2분,24,254.9 kcal,"[""플레인요거트"",""체리"",""석류"",""사과"",""딸기"",""골드키위"",""귤"",""바나나""]"
5858,크림카레우동,9분,35,Null,"[""감자"",""우동면"",""카레가루"",""우유"",""생크림"",""양파"",""베이컨""]"
5857,차돌박이 크림 파스타 ,12분,101,Null,"[""차돌박이"",""파스타면"",""양파"",""마늘"",""파프리카"",""우유"",""생크림"",""파마산치즈가루""]"
5856,고추기름 묵볶이,20분,103,273.1 kcal,"[""도토리묵"",""떡볶이떡"",""고추기름"",""양조간장"",""설탕"",""물엿"",""고추가루"",""참기름"",""대파"",""굴소스""]"
5855,돌돌말이 키스틱꼬치,10분,28,Null,"[""키스틱"",""식빵"",""청포도"",""사과""]"
5854,추억의 옛날빙수,30분,11,Null,"[""국화빵통팥"",""우유"",""과자""]"
5849,허니버터 감자칩 ,60분,88,194.7 kcal,"[""감자"",""꿀"",""소금"",""버터"",""파슬리""]"
5846,브케스무디,5분,202,Null,"[""물"",""바나나"",""브로콜리가루"",""케일가루""]"
5843,토마토빙수,분,93,534.8 kcal,"[""토마토"",""설탕"",""레몬즙"",""우유"",""연유""]"
5842,차돌파스타,15분,754,576.7 kcal,"[""스파게티면"",""소금"",""차돌박이"",""마늘"",""청양고추"",""쪽파"",""올리브유"",""간장"",""굴소스"",""설탕"",""맛술"",""후추""]"
5841,무한피망,10분,277,104.9 kcal,"[""참치"",""피망"",""참기름"",""후추""]"
5840,참치라자냐,분,204,1306.6 kcal,"[""라자냐"",""양파"",""참치"",""토마토소스"",""모짜렐라치즈"",""소금"",""후추"",""올리브유""]"
5839,라이스푸딩,20분,91,322.0 kcal,"[""밥"",""우유"",""휘핑크림"",""설탕"",""바닐라빈"",""냉동망고"",""라즈베리청"",""허브""]"
5838,간장비빔국수,15분,1013,275.0 kcal,"[""소면/라면"",""간장"",""참기름"",""고추가루"",""깨"",""설탕""]"
5837,식빵계란빵,30분,192,571.4 kcal,"[""식빵"",""계란"",""녹인버터"",""설탕"",""소금"",""후추"",""파슬리""]"
5836,가지타르틴,분,141,239.3 kcal,"[""가지"",""토마토소스"",""어린잎"",""파마산치즈가루"",""방울토마토"",""올리브유"",""소금"",""후추""]"
5835,앙빠다코코낫,10분,108,Null,"[""빠다코코낫"",""팥양갱"",""고메버터""]"
5834,수박냉면,30분,58,140.3 kcal,"[""수박"",""냉면"",""오이"",""배"",""계란"",""깨"",""참기름"",""고추가루"",""고추장"",""간장"",""식초"",""설탕"",""매실청"",""배즙"",""양파"",""마늘""]"
5833,춘천닭갈비,30분,263,810.4 kcal,"[""닭"",""고추장"",""고추가루"",""진간장"",""맛술"",""설탕"",""마늘"",""생강"",""후추"",""참기름"",""간장"",""굴소스""]"
5830,아란치니&콜리플라워소스,40분,125,920.0 kcal,"[""밥"",""양파"",""마늘"",""감자"",""당근"",""피망"",""베이컨"",""체다치즈"",""식용유"",""간장"",""소금"",""후추"",""밀가루"",""빵가루"",""계란"",""콜리플라워"",""버터"",""타임"",""파슬리"",""우유"",""생크림"",""올리브유""]"
5829,멘보샤,30분,265,344.9 kcal,"[""새우"",""식빵"",""계란"",""소금"",""후추"",""감자전분"",""식용유""]"
5828,감자오믈렛,30분,417,361.1 kcal,"[""계란"",""감자"",""양파"",""파마산치즈"",""우유"",""버터"",""소금"",""후추"",""파슬리""]"
5826,레인보우토스트,20분,96,345.0 kcal,"[""식빵"",""피자치즈"",""색소"",""버터""]"
5825,탄탄비빔면,20분,111,495.3 kcal,"[""생면"",""양파"",""오이"",""레드파프리카"",""아몬드슬"",""무순"",""땅콩버터"",""고추장"",""두반장"",""굴소스"",""고추기름"",""설탕"",""참기름"",""치킨스톡""]"
5824,전남친토스트,5분,419,180.6 kcal,"[""식빵"",""블루베리잼"",""크림치즈""]"
5823,스팸동,15분,2091,482.4 kcal,"[""밥"",""스팸"",""양파"",""간장"",""맛술"",""설탕"",""계란"",""대파""]"
5822,스칼로피네 알 리모네,30분,278,484.5 kcal,"[""닭가슴살"",""양파"",""버터"",""밀가루"",""레몬"",""화이트와인"",""로즈마리"",""소금"",""후추"",""올리브유""]"
5821,수박셔벗,120분,275,137.0 kcal,"[""수박"",""레몬즙"",""설탕"",""꿀""]"
5819,땡모반,15분,305,138.5 kcal,"[""수박"",""설탕"",""얼음"",""소금""]"
5818,크레페,20분,119,Null,"[""크레페믹스가루"",""계란"",""녹인버터"",""슬라이스햄"",""계란"",""루꼴라"",""베이컨"",""모짜렐라치즈"",""적양파"",""후추"",""발사믹크림""]"
5817,매운참치라면,15분,375,897.2 kcal,"[""소면/라면"",""참치"",""청양고추"",""대파"",""고추가루"",""마늘"",""식용유""]"
5816,베이컨맛탕,10분,386,Null,"[""통베이컨"",""올리고당"",""설탕""]"
5815,홈메이드냉면,120분,87,301.7 kcal,"[""냉면 면"",""계란"",""오이"",""깨소금"",""육수"",""양지머리"",""대파"",""양파"",""생강"",""감초"",""무"",""마늘"",""국간장"",""황설탕"",""백설탕"",""사과식초"",""레몬즙"",""미림"",""굵은소금""]"
5813,닭날개볶음밥,30분,326,591.8 kcal,"[""닭날개"",""청주"",""소금"",""후추"",""베이컨"",""파"",""양파"",""밥"",""고추가루"",""고추장"",""간장"",""마늘"",""매실액"",""물엿"",""미림""]"
5812,청양새우젓콩나물국,20분,158,44.6 kcal,"[""콩나물"",""무"",""대파"",""청양고추"",""새우젓"",""소금"",""마늘"",""고추가루""]"
5811,대파가지제육볶음,15분,450,546.9 kcal,"[""떡국떡"",""대파"",""가지"",""돼지고기"",""고추가루"",""고추가루"",""맛술"",""설탕"",""간장"",""굴소스"",""고추장"",""마늘"",""후추"",""참기름""]"
5810,돼지고기 볶음고추장,15분,693,146.4 kcal,"[""돼지고기"",""고추장"",""양파"",""대파"",""마늘"",""올리고당"",""설탕"",""간장"",""식용유"",""통깨""]"
5809,빠에야,30분,246,407.8 kcal,"[""쌀"",""닭다리"",""애호박"",""새송이버섯"",""토마토"",""방울토마토"",""양파"",""마늘"",""홍새우"",""바지락/모시조개"",""오징어몸통"",""레몬"",""파슬리"",""강황가루"",""파프리카"",""샤프란"",""올리브유""]"
5808,우동짜장,20분,107,Null,"[""우동면"",""짜장분말"",""쑥갓"",""대파"",""고추가루"",""육수"",""건다시마"",""말린 멸치"",""건새우"",""대파""]"
5807,리얼복숭아 아이스티,60분,303,Null,"[""천도복숭아"",""백설탕"",""레몬즙"",""얼음"",""아이스티분말""]"
5806,순살양념꽃게장,5분,53,Null,"[""순살양념꽃게장"",""밥"",""어린잎"",""계란"",""김""]"
5805,알록옥수수,5분,60,269.6 kcal,"[""옥수수"",""버터"",""꿀"",""마요네즈"",""고추가루"",""파마산치즈""]"
5804,청포도 판나코타,240분,279,655.2 kcal,"[""청포도"",""우유"",""생크림"",""설탕"",""설탕""]"
5802,마약계란,30분,2031,379.2 kcal,"[""계란"",""식초"",""소금"",""간장"",""설탕"",""올리고당"",""참기름"",""쪽파"",""깨""]"
5801,게맛살오이초무침,20분,1080,124.3 kcal,"[""오이"",""양파"",""소금"",""게맛살"",""설탕"",""식초"",""마늘"",""마요네즈"",""부순참깨"",""참기름""]"
5800,샐러드동치미냉소면,15분,149,Null,"[""계란"",""치커리"",""방울토마토"",""적채"",""소면/라면"",""동치미국물""]"
5799,메로나튀김,30분,231,276.0 kcal,"[""메로나"",""밀가루"",""계란"",""빵가루"",""식용유""]"
5798,오돌뼈볶음,30분,251,94.7 kcal,"[""오돌뼈"",""양파"",""대파"",""청양고추"",""고추장"",""고추가루"",""진간장"",""설탕"",""마늘"",""생강"",""후추"",""참기름"",""식용유""]"
5797,야키소바빵,30분,73,788.3 kcal,"[""야키소바면"",""핫도그빵"",""양배추"",""로메인"",""버터"",""양파"",""소시지"",""식용유"",""간장"",""맛술"",""돈까스소스"",""케첩"",""설탕"",""파"",""베이컨"",""새우"",""치킨파우더"",""소금"",""후추"",""참기름"",""올리브유"",""참깨"",""생강초절임""]"
5796,식빵치즈스틱,20분,600,544.4 kcal,"[""식빵"",""슬라이스치즈"",""스트링치즈"",""밀가루"",""계란""]"
5795,아이스크림 호떡,10분,130,461.1 kcal,"[""호떡"",""아이스크림"",""바나나"",""딸기"",""초코시럽"",""식용유""]"
5794,시원한 날치알 냉우동,10분,363,Null,"[""우동면"",""날치알"",""쪽파"",""김자반"",""쯔유"",""꿀"",""참기름"",""깨"",""계란""]"
5793,콩물샤브샤브,30분,73,Null,"[""차돌박이"",""알 배추"",""양파"",""부추"",""숙주나물"",""청양고추"",""육수"",""대파"",""양파"",""건다시마"",""육수멸치"",""콩물"",""소금"",""유자폰즈"",""간장"",""백설탕"",""유자청"",""레몬즙""]"
5792,즉석짜장떡볶이,25분,223,258.3 kcal,"[""떡볶이떡"",""소면/라면"",""냉동만두"",""양배추"",""양파"",""청양고추"",""짜장육수"",""대파"",""양파"",""육수멸치"",""국물용 새우"",""짜장분말"",""고추가루""]"
5791,매운당면찌개,15분,545,511.8 kcal,"[""돼지고기"",""당면"",""양파"",""대파"",""청양고추"",""팽이버섯"",""시금치"",""참기름"",""고추장"",""고추가루"",""소금"",""마늘"",""간장"",""액젓""]"
5790,매실편 - 매실청담그기,분,185,Null,"[""매실"",""설탕""]"
5789,밀푀유김치찜,40분,1799,780.5 kcal,"[""김치"",""삼겹살"",""양파"",""대파"",""고추"",""멸치육수"",""고추가루"",""국간장"",""설탕"",""마늘"",""후추""]"
5788,묵은지 볶음,50분,438,261.5 kcal,"[""묵은지"",""무청"",""올리브유"",""국물용멸치"",""밴댕이"",""마늘"",""양조간장"",""참기름"",""통깨""]"
5787,불족발,20분,109,122.9 kcal,"[""미니족발"",""청양고추"",""대파"",""고추장"",""고추가루"",""물엿"",""간장"",""맛술"",""마늘"",""후추""]"
5786,볶음김치 라자냐,30분,91,1146.5 kcal,"[""라자냐"",""김치"",""베이컨"",""양파"",""식용유"",""스트링치즈""]"
5785,굴소스볶음파스타,20분,687,Null,"[""페투치니"",""양파"",""양송이"",""고추"",""쪽파"",""스팸"",""식용유"",""면수"",""고추가루""]"
5784,아보카도버거,40분,172,Null,"[""버거번"",""목살"",""양지"",""가염버터"",""아보카도"",""베이컨"",""체다치즈"",""토마토"",""양파"",""로메인"",""양상추"",""소금"",""후추"",""크러시드레드페퍼"",""마요네즈"",""사워크림"",""피클""]"
5783,감자밥,30분,110,139.6 kcal,"[""불린쌀"",""감자"",""간장"",""고추가루"",""마늘"",""실파"",""참깨"",""참기름""]"
5782,새우완탕떡국,25분,97,363.3 kcal,"[""새우딤섬"",""떡국떡"",""쑥갓"",""대파"",""말린고추"",""표고버섯"",""국물용멸치"",""고형 치킨스톡"",""국간장"",""마늘"",""후추"",""소금""]"
5781,오트밀바게트 불고기샌드위치,15분,113,282.5 kcal,"[""오트밀 바게트"",""돼지고기"",""오이"",""양파"",""마요네즈"",""칠리소스"",""흑설탕"",""굴소스"",""마늘"",""맛술"",""후추""]"
5780,콜드소이파스타,25분,92,Null,"[""파스타면"",""콩물"",""우유"",""소금"",""백설탕"",""명란젓갈"",""김"",""무순""]"
5779,일본식 냉라면,30분,511,1493.1 kcal,"[""소면/라면"",""양파"",""게맛살"",""슬라이스햄"",""오이"",""우삼겹"",""통깨"",""진간장"",""백설탕"",""레몬즙"",""식초"",""참기름"",""깨소금""]"
5778,훈제연어,5분,146,Null,"[""훈제연어"",""크림치즈"",""홀스래디쉬소스"",""양파"",""어린잎채소"",""케이퍼""]"
5776,스카치에그,20분,114,468.9 kcal,"[""구운란"",""소고기"",""돼지고기"",""양파"",""마늘"",""계란물"",""빵가루"",""소금"",""후추""]"
5775,콘치즈 핫소시지,15분,756,603.9 kcal,"[""캔옥수수"",""소시지"",""양파"",""피망"",""모짜렐라치즈"",""마요네즈"",""설탕"",""후추"",""소금"",""파슬리"",""고추장"",""설탕"",""간장"",""올리고당"",""케첩"",""핫소스""]"
5773,맥앤치즈,20분,888,539.1 kcal,"[""마카로니"",""베이컨"",""버터"",""밀가루"",""우유"",""모짜렐라치즈"",""체다치즈"",""소금"",""후추"",""파슬리""]"
5772,순대꼬치,30분,323,652.3 kcal,"[""순대"",""밀가루"",""튀김가루"",""식용유"",""고추장"",""케첩"",""간장"",""마늘"",""올리고당""]"
5771,아욱국,40분,561,26.2 kcal,"[""멸치"",""다시마"",""아욱"",""대파"",""청양고추"",""된장"",""마늘"",""고추가루""]"
5770,베리컵젤리,10분,98,101.0 kcal,"[""블루베리"",""체리"",""꿀"",""레몬즙""]"
5769,집여해_보성녹차떡갈비,30분,192,557.0 kcal,"[""돼지고기목살"",""마늘"",""파"",""녹차가루"",""간장"",""설탕"",""물엿"",""참기름"",""맛술"",""후추"",""실파""]"
5767,번데기탕,20분,136,109.0 kcal,"[""번데기"",""양파"",""대파"",""청양고추"",""고추가루"",""마늘"",""소금"",""후추"",""다시마""]"
5766,버섯굴매운탕,20분,101,175.2 kcal,"[""굴"",""느타리버섯"",""새송이버섯"",""팽이버섯""]"
5765,낙지닭한마리전골,60분,91,811.4 kcal,"[""닭"",""낙지"",""삼계탕한방팩"",""양파"",""팽이버섯"",""쪽파"",""고추"",""소금"",""마늘"",""후추""]"
5764,오리지날 버팔로윙,30분,177,827.3 kcal,"[""닭날개"",""셀러리"",""미림"",""소금"",""후추"",""핫소스"",""버터"",""토마토케첩"",""크림치즈소스"",""크림치즈"",""플레인요거트"",""마요네즈"",""소금""]"
5763,실곤약모밀,20분,1534,122.2 kcal,"[""실곤약"",""계란"",""오이"",""대파"",""통깨"",""육수"",""쯔유"",""백설탕"",""미림"",""식초""]"
5759,중국당면볶이,30분,393,596.9 kcal,"[""중국당면"",""어묵"",""대파"",""양파"",""양배추"",""당근"",""피자치즈"",""고추장"",""고추가루"",""설탕"",""올리고당"",""간장""]"
5758,쓰고 남은 기름 활용법,분,218,109.2 kcal,"[""식용유"",""양파"",""대파"",""고추가루""]"
5757,비빔칼국수,25분,478,379.3 kcal,"[""칼국수"",""오이"",""양파"",""양배추"",""김"",""고추장"",""고추가루"",""간장"",""마늘"",""식초"",""설탕"",""올리고당"",""깨소금"",""참기름""]"
5756,단호박 고로케,30분,177,576.3 kcal,"[""단호박"",""스트링치즈"",""캔옥수수"",""당근"",""빵가루"",""식용유"",""소금"",""후추"",""계란""]"
5755,자색고구마칩,30분,42,Null,"[""자색고구마"",""식용유"",""소금"",""후추""]"
5754,오지치즈후라이,30분,399,1073.7 kcal,"[""감자튀김"",""베이컨"",""식용유"",""슬라이스치즈"",""피자치즈"",""파슬리""]"
5753,고갈비구이,30분,381,733.1 kcal,"[""고등어"",""고추장"",""고추가루"",""마늘"",""간장"",""설탕"",""참기름"",""후추"",""쪽파"",""깨""]"
5752,꽈리고추닭불고기,25분,276,440.9 kcal,"[""꽈리고추"",""쥬키니호박"",""마늘"",""닭가슴살"",""고추"",""흑설탕"",""간장"",""맛술"",""청주"",""생강즙"",""물엿"",""참기름"",""후추""]"
5751,논알코올 믹스모히또,10분,360,107.1 kcal,"[""애플민트"",""레몬"",""자몽"",""라임"",""얼음"",""탄산수"",""꿀""]"
5750,집여해_마약육전,30분,250,735.1 kcal,"[""돼지고기등심"",""양파"",""밀가루"",""계란"",""소금"",""후추"",""식용유"",""고추가루"",""간장"",""식초"",""설탕"",""청양고추""]"
5749,태극쿠키,60분,153,533.1 kcal,"[""박력분"",""버터"",""설탕"",""노른자"",""베이킹파우더"",""바닐라익스트랙"",""소금"",""빨강색소"",""파랑색소""]"
5748,타코,30분,124,360.1 kcal,"[""돼지고기앞다리살"",""통조림파인애플"",""양파"",""마늘"",""고추가루"",""큐민가루"",""오레가노"",""소금"",""후추"",""식초"",""토마토"",""청양고추"",""양파"",""고수"",""라임"",""또띠아""]"
5747,육회비빔냉면,40분,118,680.2 kcal,"[""냉면 면"",""냉면육수"",""무쌈"",""오이"",""계란"",""육회"",""육회용고기"",""백설탕"",""소금"",""참기름"",""후추"",""마늘"",""배"",""백설탕"",""소금"",""냉면양념장"",""고추장"",""백설탕"",""고추가루"",""식초"",""매실액"",""사이다"",""통깨""]"
5746,대파삼겹볶음,25분,623,1289.6 kcal,"[""대패삼겹살"",""계란"",""대파"",""고추가루"",""통깨"",""간장소스"",""참소스"",""진간장"",""소금"",""참기름"",""깨소금"",""미림"",""마늘""]"
5743,대구 시골막창,15분,50,Null,"[""대구 시골 생막창"",""대구 수제직화막창""]"
5742,교리김밥,20분,331,670.5 kcal,"[""김밥김"",""계란"",""햄"",""단무지"",""우엉"",""당근"",""오이"",""밥"",""참기름"",""소금"",""소금""]"
5741,무뼈닭발,40분,413,351.6 kcal,"[""무뼈닭발"",""월계수잎"",""소주"",""마늘"",""대파"",""청양고추"",""식용유"",""고추장"",""고추가루"",""마늘"",""간장"",""맛술"",""설탕"",""참기름"",""후추""]"
5740,여수 해물삼합,30분,172,460.1 kcal,"[""대패삼겹살"",""양파"",""미니새송이"",""양배추"",""깻잎"",""대파"",""새우"",""낙지"",""키조개관자"",""묵은지"",""고추가루"",""간장"",""마늘"",""생강"",""맛술"",""설탕"",""참기름""]"
5738,고구마맛탕,30분,329,329.2 kcal,"[""고구마"",""설탕"",""물엿"",""식용유"",""검은깨""]"
5737,바질 돼지고기 덮밥,20분,230,723.4 kcal,"[""밥"",""돼지고기"",""양파"",""쪽파"",""바질"",""민트"",""마늘"",""태국고추"",""청양고추"",""생강"",""계란"",""설탕"",""진간장"",""피시소스"",""굴소스""]"
5736,토마토소면/라면,15분,303,Null,"[""꼬꼬면"",""계란"",""차돌박이"",""홀토마토""]"
5735,시원하게 즐기는 속초물회,20분,55,Null,"[""민어회"",""자숙문어"",""상추"",""깻잎"",""당근"",""오이"",""라임""]"
5734,목포 바지락/모시조개비빔밥,35분,121,336.6 kcal,"[""바지락/모시조개"",""밥"",""깻잎"",""당근"",""오이"",""양파"",""무순""]"
5733,대구 중화식비빔밥,15분,508,495.3 kcal,"[""오징어"",""돼지고기"",""애호박"",""양파"",""피망"",""계란"",""밥"",""맛술"",""고추가루"",""간장"",""설탕"",""굴소스"",""마늘"",""후추"",""게살""]"
5732,춘천 막국수,25분,124,92.1 kcal,"[""오이"",""쌈무"",""방울토마토"",""메밀국수"",""황태포"",""참깨"",""키위"",""설탕"",""고추가루"",""고추장"",""간장"",""식초"",""마늘"",""냉면육수""]"
5731,설빙 퐁당치즈가래떡,분,223,1517.7 kcal,"[""가래떡"",""만두"",""떡갈비"",""청양고추"",""식빵"",""모짜렐라치즈"",""체다치즈"",""파마산치즈"",""파슬리""]"
5730,차돌박이고추장찌개,40분,1299,335.4 kcal,"[""차돌박이"",""감자"",""애호박"",""양파"",""대파"",""고추장"",""고추가루"",""미림"",""국간장"",""멸치액젓"",""소금"",""백설탕"",""마늘""]"
5729,얼갈이  꽁보리밥,20분,49,320.3 kcal,"[""보리쌀"",""백미"",""계란"",""부추"",""얼갈이"",""약고추장"",""참기름"",""고추가루"",""진간장"",""식초"",""참기름"",""소금"",""깨소금""]"
5728,아침 고등어,1분,127,253.6 kcal,"[""고등어"",""고추장"",""고추가루"",""간장"",""설탕"",""마늘"",""물엿"",""참기름"",""쪽파""]"
5727,아침 감자,5분,280,593.0 kcal,"[""감자"",""우유"",""소금"",""후추"",""슬라이스치즈"",""버터"",""소금"",""올리고당"",""햄"",""양파"",""마요네즈"",""설탕"",""후추"",""모닝빵""]"
5725,닭두루치기,40분,319,1388.6 kcal,"[""닭"",""양파"",""대파"",""당근"",""대파"",""양파"",""마늘"",""고추장"",""고추가루"",""간장"",""물엿"",""식용유""]"
5724,두부탕수,30분,538,465.6 kcal,"[""두부"",""전분"",""식용유"",""오이"",""당근"",""파프리카"",""레몬"",""식초"",""설탕"",""물전분""]"
5723,상추튀김,30분,78,Null,"[""김말이튀김"",""볼어묵"",""오징어"",""상추""]"
5722,사골들깨칼국수 by 신도칼국수,25분,38,Null,"[""건칼국수면"",""사골육수"",""멸치다시팩""]"
5721,누텔라피자,30분,72,424.7 kcal,"[""또띠아"",""딸기"",""블루베리"",""바나나"",""누텔라"",""황설탕"",""화이트와인"",""견과류"",""슈거파우더""]"
5720,하와이안 포케,30분,204,933.6 kcal,"[""밥"",""스리라차소스"",""마요네즈"",""냉동참치"",""생연어"",""아보카도"",""적양파"",""오이"",""김"",""대파"",""잣"",""버터"",""소금"",""간장"",""맛술"",""마늘"",""생강"",""고추냉이"",""참기름""]"
5719,갈치조림,40분,404,200.3 kcal,"[""무"",""감자"",""대파"",""갈치"",""설탕"",""고추가루"",""국간장"",""진간장"",""마늘"",""맛술"",""청주"",""후추"",""생강즙""]"
5718,전주 떡갈비,30분,203,368.5 kcal,"[""소고기"",""돼지고기"",""대파"",""치커리"",""방울토마토"",""양파"",""파마산치즈"",""매실액"",""간장"",""청주"",""참깨"",""참기름"",""후추"",""참기름"",""꿀"",""꿀"",""포도씨유"",""연겨자"",""식초"",""소금""]"
5717,양파장아찌,30분,406,173.2 kcal,"[""양파"",""간장"",""식초"",""설탕"",""다시마"",""청양고추""]"
5716,가벼운 듯 환상의 조합! 청포도 발사믹 샐러드,20분,184,Null,"[""양상추"",""청포도"",""루꼴라"",""리코타치즈"",""시판 발사믹 드레싱"",""올리브유""]"
5715,무알콜 시트러스 모히또,20분,227,142.1 kcal,"[""라임"",""오렌지 웻지"",""레몬 웻지"",""애플민트"",""백설탕"",""설탕시럽"",""탄산수"",""얼음""]"
5714,두부미역전,30분,351,110.2 kcal,"[""미역"",""쪽파"",""두부"",""계란"",""밀가루"",""소금"",""후추"",""간장"",""식초"",""고추가루""]"
5713,토마토소스덮밥,15분,557,471.3 kcal,"[""쥬키니호박"",""파프리카"",""닭가슴살"",""토마토소스"",""슈레드 치즈"",""밥"",""올리브유"",""소금"",""후추"",""파슬리""]"
5712,육즙가득 짬뽕 군만두,15분,28,Null,"[""군만두"",""해물믹스"",""양파"",""당근"",""양배추"",""대파"",""청양고추"",""마늘"",""고추가루"",""굴소스"",""설탕""]"
5711,완도 꼬마전복,50분,86,508.1 kcal,"[""꼬마전복"",""홍고추"",""계란"",""김가루"",""쪽파"",""간장"",""맛술"",""올리고당"",""다시마"",""대파"",""양파"",""생강"",""마늘"",""청양고추""]"
5709,라따뚜이,40분,510,472.7 kcal,"[""애호박"",""가지"",""토마토"",""토마토소스"",""파슬리"",""파마산치즈가루"",""올리브유""]"
5708,취나물밥,30분,202,133.9 kcal,"[""불린쌀"",""취나물"",""들기름"",""국간장"",""다시마물"",""간장"",""고추가루"",""깨소금"",""참기름""]"
5706,베트남반쎄오,40분,265,130.4 kcal,"[""반쎄오가루"",""소고기목심"",""부추"",""숙주"",""삶은녹두"",""간장"",""설탕"",""마늘"",""참기름"",""후추"",""양파"",""탈각새우"",""굴소스"",""식용유"",""멸치액젓"",""설탕"",""식초"",""라임"",""마늘"",""홍고추"",""부추""]"
5705,요거트 과일샐러드,15분,78,Null,"[""후지사과"",""청사과"",""자몽"",""딸기"",""그래놀라"",""민트잎""]"
5704,닭가슴살 한방부추찜,25분,64,Null,"[""닭가슴살"",""부추"",""삼계탕한방팩"",""깨""]"
5703,두부 티라미수,40분,256,Null,"[""두부"",""설탕"",""생크림"",""레몬즙"",""인스턴트커피"",""코코아파우더""]"
5702,쌈장볶음밥,20분,743,341.7 kcal,"[""삼겹살"",""밥"",""마늘"",""쌈장"",""고추"",""참기름"",""김""]"
5701,깍두기 볶음밥,20분,615,874.6 kcal,"[""깍두기"",""햄"",""밥"",""깍두기국물"",""간장"",""고추장"",""설탕"",""후추"",""소금"",""참기름""]"
5700,바나나 토스트,20분,318,580.7 kcal,"[""식빵"",""바나나"",""버터"",""시나몬가루"",""꿀"",""마스카포네치즈"",""메이플시럽"",""아이스크림""]"
5699,토마토해물떡볶이,35분,376,293.2 kcal,"[""떡볶이떡"",""토마토"",""양파"",""주꾸미"",""바지락/모시조개"",""마늘"",""올리브유"",""토마토케첩"",""고추가루"",""백설탕"",""바질"",""후추"",""파슬리""]"
5698,제철해물판모밀,30분,95,399.7 kcal,"[""메밀국수"",""새우"",""주꾸미"",""쪽파"",""무"",""토마토"",""무순"",""미림"",""레몬즙"",""얼음"",""고추냉이"",""육수"",""미림"",""쯔유"",""진간장"",""생강가루"",""대파"",""양파"",""건멸치"",""다포리"",""건다시마"",""가쓰오부시""]"
5697,구운 호박볶음,15분,155,77.5 kcal,"[""쥬키니호박"",""부추"",""양파"",""식용유"",""참기름"",""고추가루"",""마늘"",""설탕"",""간장"",""참깨"",""소금""]"
5696,팽이오징어볶음,15분,1342,288.2 kcal,"[""오징어"",""판어묵"",""양배추"",""팽이버섯"",""마늘"",""양파"",""대파"",""설탕"",""고추가루"",""간장"",""고추장"",""후추"",""청주"",""참기름""]"
5692,장어덮밥,20분,212,1112.3 kcal,"[""장어"",""생강"",""양파"",""쪽파"",""청주"",""후추"",""계란"",""다시마육수"",""간장"",""설탕"",""올리고당"",""청주"",""생강""]"
5691,두릅튀김,30분,172,1612.1 kcal,"[""두릅"",""튀김가루"",""식용유"",""튀김가루""]"
5690,비어캔치킨,120분,130,1349.2 kcal,"[""닭"",""카레가루"",""마늘"",""파슬리"",""황설탕"",""소금"",""후추"",""올리브유"",""맥주""]"
5688,피자김밥,30분,610,495.9 kcal,"[""김"",""밥"",""모짜렐라치즈"",""옥수수"",""소시지"",""양파"",""피망"",""토마토소스"",""소금"",""후추""]"
5687,백골뱅이탕,30분,141,55.4 kcal,"[""백골뱅이"",""모시조개"",""어묵"",""대파"",""청양고추"",""홍고추"",""다시마"",""소금"",""후추""]"
5686,생딸기컵케익,60분,47,1041.5 kcal,"[""딸기"",""밀가루"",""버터"",""설탕"",""계란"",""우유"",""생크림""]"
5685,낙지 연포탕,50분,380,42.0 kcal,"[""낙지"",""생새우"",""바지락/모시조개"",""무"",""된장"",""청양고추"",""홍고추"",""대파"",""미나리"",""마늘"",""생강"",""양파"",""소주"",""소금"",""후추""]"
5684,참치 타다끼 샐러드.,20분,55,Null,"[""생참치"",""샐러드채소"",""방울토마토"",""소금"",""후추"",""올리브유""]"
5683,마리네이드 스테이크,25분,34,Null,"[""스테이크용 고기"",""소금"",""후추"",""말린고추"",""진간장"",""올리브유"",""케이준파우더"",""갈릭 파우더"",""바질"",""월계수잎"",""넛맥 파우더"",""미림""]"
5682,갈릭마요치킨바베큐,75분,140,1717.6 kcal,"[""생닭"",""레몬"",""마요네즈"",""마늘"",""소금"",""후추"",""레몬즙"",""버터""]"
5681,롤샌드위치,15분,163,165.8 kcal,"[""버터식빵"",""슬라이스치즈"",""오이"",""사과"",""크림치즈""]"
5680,발사믹소스의 찹스테이크,15분,1046,211.1 kcal,"[""소고기"",""양파"",""피망"",""당근"",""브로콜리"",""발사믹식초"",""스테이크소스"",""맛술"",""물엿"",""후추""]"
5679,텐그릴 토스터,50분,51,1110.1 kcal,"[""삼겹살"",""치아바타"",""로메인"",""양파"",""토마토"",""쌈장"",""우유"",""슬라이스치즈""]"
5677,뉴질랜드 그린홍합,30분,84,179.0 kcal,"[""그린홍합"",""마요네즈"",""올리고당"",""레몬즙"",""마늘"",""파슬리"",""피자치즈"",""양파"",""파프리카"",""후추"",""양파"",""파프리카"",""마늘"",""청양고추"",""화이트와인"",""올리브유"",""토마토소스"",""후추"",""소금""]"
5676,닭날개 꼬치,80분,201,1022.5 kcal,"[""닭날개"",""우유"",""소금"",""후추"",""케첩"",""고추장"",""간장"",""핫소스"",""올리고당"",""마늘""]"
5675,맛있는 튀김 만드는법,분,226,Null,"[""식용유"",""박력분"",""맥주"",""얼음""]"
5674,호두파이,90분,239,812.5 kcal,"[""박력분"",""버터"",""계란"",""황설탕"",""소금"",""덧밀가루"",""호두"",""계란"",""황설탕"",""물엿"",""녹인버터"",""시나몬파우더""]"
5673,나폴리탄스파게티,20분,298,755.5 kcal,"[""스파게티면"",""양파"",""소시지"",""피망"",""양송이버섯"",""케첩"",""계란"",""소금"",""올리브유""]"
5672,구절판,30분,245,349.6 kcal,"[""간장"",""설탕"",""파"",""마늘"",""참기름"",""후추"",""양파"",""당근"",""계란"",""애호박"",""오이"",""소금"",""밀가루""]"
5671,밥통딸기초코케이크,60분,302,1021.2 kcal,"[""박력분"",""코코아파우더"",""베이킹파우더"",""계란"",""설탕"",""포도씨유"",""우유"",""딸기"",""생크림"",""녹인초코""]"
5670,미니언즈주먹밥,30분,291,368.6 kcal,"[""밥"",""계란"",""참치"",""마요네즈"",""치즈"",""김"",""참기름"",""소금""]"
5669,시금치롤,30분,229,516.6 kcal,"[""시금치"",""계란"",""노른자"",""우유"",""맥주"",""밀가루"",""소금"",""크림치즈"",""플레인요거트"",""마늘"",""고추가루"",""소금"",""후추"",""플레인요거트"",""마늘"",""소금""]"
5668,훈제연어 베이글 샌드위치,20분,115,534.8 kcal,"[""베이글"",""훈제연어"",""양파"",""토마토"",""크림치즈"",""계란"",""올리브유""]"
5667,만두부대찌개,20분,442,584.9 kcal,"[""만두"",""소시지"",""스팸"",""두부"",""양파""]"
5665,양념 팝콘치킨,15분,511,247.4 kcal,"[""고추장"",""올리고당"",""후추"",""케첩"",""마늘"",""생강"",""치킨"",""치킨파우더""]"
5664,소고기 미니 김밥,20분,831,470.1 kcal,"[""소고기"",""고추장"",""미림"",""후추"",""생강"",""마늘"",""김"",""밥""]"
5663,떡꼬치,20분,625,257.0 kcal,"[""떡"",""꼬치"",""식용유"",""깨"",""고추장"",""간장"",""케첩"",""설탕"",""올리고당""]"
5661,파스타토스트,25분,265,701.0 kcal,"[""식빵"",""숏파스타"",""양파"",""마늘"",""베이컨"",""토마토소스"",""모짜렐라치즈"",""후추""]"
5660,소떡소떡,20분,744,877.3 kcal,"[""비엔나소시지"",""떡볶이떡"",""백설탕"",""스위트칠리소스"",""토마토케첩"",""백설탕"",""올리고당"",""후추""]"
5659,비건피자 루꼴라피자,20분,30,208.2 kcal,"[""피타브레드"",""토마토소스"",""피자치즈"",""올리브유"",""소금"",""발사믹식초"",""후추"",""양파"",""블랙올리브""]"
5658,단호박 크림새우찜,45분,220,112.1 kcal,"[""단호박"",""손질새우"",""고추"",""양파"",""알프레도크림소스""]"
5657,게맛살부추스파게티,20분,242,1000.2 kcal,"[""스파게티면"",""소금"",""게맛살"",""부추"",""페페론치노"",""토마토소스"",""후추"",""치즈가루""]"
5656,감자조림,25분,2573,55.1 kcal,"[""감자"",""판어묵"",""대파"",""간장"",""물엿"",""맛술"",""마늘"",""참기름"",""참깨""]"
5653,프리미엄 게맛살,10분,121,589.4 kcal,"[""게맛살"",""김"",""밥"",""날치알"",""마요네즈"",""와사비"",""무순"",""오이"",""단무지""]"
5652,병아리 연유빵,150분,306,2865.6 kcal,"[""강력분"",""소금"",""우유"",""연유"",""버터"",""드라이 이스트"",""캔옥수수""]"
5650,닭똥집 튀김,60분,302,442.3 kcal,"[""닭똥집"",""고구마"",""치킨파우더"",""전분"",""청주"",""마늘"",""소금"",""후추"",""식용유"",""고추장"",""간장"",""케첩"",""물엿"",""설탕"",""간마늘"",""간장"",""굴소스"",""설탕"",""물엿"",""식초"",""참기름""]"
5648,김치찌개,20분,72,56.0 kcal,"[""묵은김치"",""돼지고기""]"
5647,청양고추 크림 파스타,20분,277,1028.5 kcal,"[""스파게티면"",""양송이버섯"",""마늘"",""청양고추"",""슬라이스햄"",""소금"",""후추"",""우유"",""생크림"",""슬라이스체다치즈"",""파슬리"",""올리브유""]"
5645,프라이드 피자,50분,239,Null,"[""호떡믹스"",""토마토소스"",""모짜렐라치즈"",""올리브"",""바질"",""식용유""]"
5643,중국식가지튀김,분,774,794.3 kcal,"[""가지"",""고추기름"",""파"",""건고추"",""청양고추"",""굴소스"",""간장"",""설탕"",""식초"",""계란"",""전분가루"",""소금"",""후추""]"
5642,장어 잡채,60분,47,206.2 kcal,"[""양념장어"",""우엉"",""표고버섯"",""홍고추"",""풋고추"",""양파"",""당근"",""부추"",""마늘"",""생강"",""깻잎"",""식용유"",""참기름"",""소금"",""진간장"",""설탕"",""맛술"",""청주"",""식용유"",""물엿""]"
5641,슈니첼&양송이소스,30분,187,5793.3 kcal,"[""돼지고기등심"",""계란"",""밀가루"",""빵가루"",""식용유"",""버터"",""생크림"",""소금"",""후추"",""양송이버섯"",""양파"",""생크림"",""화이트와인"",""밀가루"",""로즈마리"",""이태리파슬리""]"
5640,새우튀김,10분,232,98.7 kcal,"[""소금"",""새우"",""밀가루"",""계란"",""빵가루"",""칠리소스""]"
5639,고구마순나물 볶음,15분,183,28.4 kcal,"[""건고구마나물"",""마늘"",""파"",""간장"",""미림"",""들기름"",""깨""]"
5638,깍두기,120분,568,97.1 kcal,"[""무"",""천일염"",""까나리액젓"",""새우젓"",""고추가루"",""마늘"",""생강즙"",""설탕"",""쪽파"",""통깨"",""배즙"",""양파즙""]"
5637,토마토계란덮밥,15분,829,658.8 kcal,"[""토마토"",""쌀밥"",""계란"",""후추"",""미림"",""진간장"",""백설탕"",""식초"",""굴소스""]"
5636,레몬마요새우,45분,525,620.8 kcal,"[""대하새우"",""계란"",""밀가루"",""감자전분"",""밀가루"",""양상추"",""마요네즈"",""백설탕"",""레몬껍질"",""레몬즙"",""식초"",""플레인요거트"",""생크림""]"
5635,사과마멀레이드,40분,124,79.4 kcal,"[""사과"",""황설탕"",""레몬즙"",""계피가루""]"
5634,브로콜리소시지볶음,10분,2552,96.0 kcal,"[""브로콜리"",""소시지"",""마늘"",""간장"",""소금"",""후추""]"
5633,부추된장국,25분,85,363.6 kcal,"[""부추"",""바지락/모시조개"",""고추"",""표고버섯"",""된장""]"
5632,부추튀김,25분,73,761.3 kcal,"[""부추"",""당근"",""튀김가루"",""빵가루""]"
5630,백골뱅이,30분,80,66.7 kcal,"[""백골뱅이"",""아귀포"",""고추가루"",""마늘"",""식초"",""간장"",""설탕"",""파채""]"
5628,꿔바로우,30분,869,780.3 kcal,"[""돼지고기등심"",""찹쌀가루"",""전분가루"",""소금"",""후추"",""당근"",""양파"",""간장"",""설탕"",""식초"",""전분물""]"
5625,콩나물국,20분,639,44.6 kcal,"[""콩나물"",""대파"",""청양고추"",""국간장"",""액젓"",""마늘"",""소금"",""멸치"",""다시마""]"
5624,매운순대볶음,20분,606,433.5 kcal,"[""순대"",""당면"",""양배추"",""양파"",""청양고추"",""대파"",""깻잎"",""들깨가루"",""고추장"",""고추가루"",""간장"",""설탕"",""마늘"",""후추"",""참기름""]"
5623,도토리묵 무침,20분,732,193.9 kcal,"[""도토리묵"",""양파"",""당근"",""상추"",""간장"",""고추가루"",""매실청"",""설탕"",""파"",""마늘"",""참기름"",""깨""]"
5622,칼질고급 편,분,203,298.1 kcal,"[""표고버섯"",""무"",""당근"",""애호박""]"
5620,간단 닭개장,1시간분,1305,Null,"[""닭다리"",""토란대"",""쪽파"",""마늘"",""식용유"",""계란"",""간장"",""소금"",""액젓"",""생강"",""고추가루""]"
5619,고추장립,1시간분,137,77.3 kcal,"[""고추장"",""간장"",""미림"",""고추가루"",""파"",""마늘"",""립""]"
5618,미나리파스타,20분,168,985.1 kcal,"[""스파게티면"",""미나리"",""마늘"",""파마산치즈가루"",""올리브유"",""소금"",""후추"",""올리브유"",""잣""]"
5617,닭볶음탕,40분,326,791.9 kcal,"[""닭"",""감자"",""당근"",""대파"",""고추가루"",""고추장"",""양념간장"",""마늘"",""올리고당"",""청양고추"",""우유"",""후추""]"
5616,멜팅치즈제육철판,25분,923,646.3 kcal,"[""제육볶음용고기"",""양파"",""대파"",""제육볶음양념"",""고추장"",""마늘"",""백설탕"",""말린고추"",""고추가루"",""진간장"",""참기름"",""후추"",""치즈소스"",""우유"",""슬라이스치즈"",""모짜렐라치즈"",""후추""]"
5615,레터스샌드위치,15분,386,347.4 kcal,"[""식빵"",""양상추"",""슬라이스치즈"",""토마토"",""슬라이스햄"",""후추"",""마요네즈"",""마요네즈"",""레몬즙"",""백설탕""]"
5611,돈까스 국수,20분,265,770.9 kcal,"[""소면/라면"",""돈까스"",""다시마"",""국물용멸치"",""무"",""애호박"",""계란"",""국간장"",""소금""]"
5610,꼬시래기해초무침,30분,250,140.1 kcal,"[""염장 꼬시래기"",""양파"",""당근"",""설탕"",""마늘"",""식초"",""고추장"",""참기름"",""참깨""]"
5609,장아찌스팸주먹밥,15분,110,Null,"[""간장장아찌"",""스팸"",""밥"",""참깨"",""참기름""]"
5607,푸실리 바지락/모시조개 봉골레 파스타,20분,42,618.7 kcal,"[""푸실리파스타"",""바지락/모시조개"",""마늘"",""고추"",""올리브유""]"
5606,수제 귤청 에이드,25분,81,Null,"[""귤"",""설탕"",""스프라이트"",""얼음"",""소금""]"
5605,골뱅이 비빔라면,25분,401,88.7 kcal,"[""비빔면"",""골뱅이"",""깻잎"",""양파"",""사과"",""고추장"",""설탕"",""식초"",""참기름"",""깨""]"
5604,깻잎지,20분,462,42.5 kcal,"[""깻잎"",""간장"",""고추가루"",""올리고당"",""마늘"",""대파"",""청양고추""]"
5603,김치버터 파스타,10분,1639,450.7 kcal,"[""김치"",""면"",""버터"",""설탕"",""소금"",""후추"",""고추가루"",""치즈""]"
5602,계란 장조림,20분분,1946,520.9 kcal,"[""마늘"",""양파"",""계란"",""간장"",""미림"",""설탕""]"
5601,홈메이드 자루소바,10분,447,724.8 kcal,"[""메밀면"",""간장"",""미림"",""채소"",""가쓰오부시""]"
5600,소고기 비빔간장,10분,1677,300.6 kcal,"[""양파"",""마늘"",""소고기"",""후추"",""간장"",""미림"",""청주"",""설탕"",""소금""]"
5599,태국식고기덮밥,20분,262,847.3 kcal,"[""시금치"",""홍고추"",""청양고추"",""양파"",""돼지고기"",""쌀밥"",""계란"",""피쉬소스"",""마늘"",""설탕"",""굴소스"",""후추"",""바질""]"
5598,타마고산도,20분,407,306.8 kcal,"[""계란"",""식빵"",""맛술"",""혼다시"",""쯔유"",""설탕"",""소금"",""식용유"",""마요네즈""]"
5597,주꾸미초무침,20분,248,202.9 kcal,"[""주꾸미"",""청주"",""양파"",""미나리"",""당근"",""고추장"",""고추가루"",""식초"",""설탕"",""매실청"",""마늘"",""참기름""]"
5596,매운돈가쓰,40분,325,1429.3 kcal,"[""돼지고기등심"",""계란"",""밀가루"",""식빵"",""대파"",""쌀밥"",""고추가루"",""고추장"",""물엿"",""돈까스소스"",""굴소스"",""청양고추"",""후추"",""연겨자"",""후추"",""모짜렐라치즈""]"
5595,닭갈비전골,30분,575,485.3 kcal,"[""닭다리"",""양배추"",""양파"",""떡볶이떡"",""고구마"",""대파"",""슬라이스치즈"",""모짜렐라치즈"",""사골육수"",""고추가루"",""고추장"",""진간장"",""백설탕"",""물엿"",""미림"",""마늘"",""생강가루"",""후추""]"
5594,실버스타 통주물 에그팬,15분,138,Null,"[""에그팬"",""계란"",""우유"",""박력분"",""오일"",""코코아파우더"",""설탕"",""생크림"",""누텔라""]"
5593,육회 물회,15분,300,415.7 kcal,"[""육회용고기"",""비빔면"",""배"",""참기름"",""간장"",""마늘"",""설탕"",""올리고당"",""식초"",""냉면육수"",""소금"",""후추"",""깨소금""]"
5592,세발나물무침,5분,286,74.9 kcal,"[""세발나물"",""고추가루"",""설탕"",""국간장"",""식초"",""참깨"",""참기름""]"
5591,콩나물잡채,40분,1130,320.3 kcal,"[""콩나물"",""느타리버섯"",""시금치"",""당근"",""양파"",""당면"",""소금"",""후추"",""설탕"",""간장"",""참기름"",""참깨""]"
5590,계란 반숙 삶기 & 계란 껍질 쉽게 까기,15분,255,523.3 kcal,"[""계란"",""식초"",""소금""]"
5589,치즈 베이컨 말이,30분,1445,1277.3 kcal,"[""베이컨"",""슬라이스치즈"",""밥"",""참기름"",""깨"",""소금""]"
5588,이삭토스트,15분,894,769.4 kcal,"[""식빵"",""양배추"",""계란"",""치즈"",""슬라이스햄"",""버터"",""키위드레싱"",""마요네즈"",""설탕"",""올리고당"",""피클""]"
5587,스팸하트김밥,30분,1050,333.8 kcal,"[""스팸"",""밥"",""참기름"",""소금"",""후추"",""깨"",""카레가루""]"
5586,본 인 스테이크,5분,76,Null,"[""돼지고기"",""버터"",""타임"",""마늘"",""양파"",""양송이""]"
5584,벚꽃머랭쿠키,120분,213,66.0 kcal,"[""계란"",""슈거파우더"",""바닐라액"",""빨강색소"",""레몬즙""]"
5583,물쫄면,30분,116,444.3 kcal,"[""쫄면"",""당근"",""양배추"",""계란"",""깨소금"",""육수"",""냉면육수"",""사과"",""백설탕"",""미림"",""고추가루"",""고추장"",""올리고당"",""식초"",""매실액"",""마늘"",""통깨""]"
5582,김치 길거리 토스트,25분,123,448.0 kcal,"[""식빵"",""계란"",""슬라이스치즈"",""슬라이스햄"",""토마토케첩"",""마요네즈"",""백설탕"",""캔옥수수"",""김치"",""양파"",""당근"",""양배추"",""소금"",""후추""]"
5581,고갈비구이,20분,55,286.2 kcal,"[""고등어자반"",""식용유"",""부침가루""]"
5580,미더덕콩나물찜,25분,300,198.1 kcal,"[""미더덕"",""콩나물"",""팽이버섯"",""쪽파""]"
5579,인도 치킨커리,40분,378,1023.6 kcal,"[""닭"",""강황가루"",""고추가루"",""요거트"",""양파"",""토마토"",""청양고추"",""올리브유"",""마늘"",""생강"",""강황가루"",""고추가루"",""큐민가루"",""생크림"",""라임""]"
5577,버섯두부지짐이,30분,198,299.4 kcal,"[""팽이버섯"",""두부"",""들기름"",""고추가루"",""간장"",""새우젓"",""마늘""]"
5576,곰돌이버거,30분,110,293.4 kcal,"[""모닝빵"",""떡갈비"",""토마토"",""상추"",""마요네즈"",""슬라이스치즈"",""김""]"
5574,젤리플라워,90분,514,Null,"[""물"",""곤약가루"",""설탕"",""우유"",""곤약가루"",""식용색소""]"
5573,소고기버섯말이찜,30분,158,Null,"[""소고기"",""팽이버섯"",""느타리버섯"",""소금"",""후추""]"
5572,쑥 버무리,60분,91,130.4 kcal,"[""쑥"",""대추"",""단호박"",""냉동 맵쌀가루"",""소금"",""설탕""]"
5571,딸기 밀푀유,30분,574,969.1 kcal,"[""딸기"",""식빵"",""생크림"",""크림치즈"",""설탕"",""녹인버터"",""슈거파우더""]"
5569,카레시즈닝 닭다리구이,30분,82,Null,"[""닭다리"",""카레블록""]"
5568,쥐포튀김과 와사비마요,15분,123,Null,"[""와사비"",""간장"",""마요네즈"",""쥐포"",""튀김가루""]"
5567,딸기 리코타 샌드위치,5분,180,Null,"[""딸기"",""베이글"",""크림치즈"",""워터크래스"",""리코타"",""꿀""]"
5566,딸기 막걸리,10분,392,Null,"[""딸기"",""막걸리""]"
5565," 쑥 인절미",분,224,2498.3 kcal,"[""찹쌀가루"",""소금"",""쑥"",""콩가루"",""소금"",""설탕""]"
5564,참치김치덮밥,20분,1315,312.6 kcal,"[""참치"",""김치"",""양파"",""고추장"",""설탕"",""참기름"",""밥"",""계란"",""실파""]"
5562,호가네 주꾸미,15분,93,Null,"[""주꾸미"",""대파"",""양파""]"
5560,키리모찌,15분,91,Null,"[""키리모찌"",""떡볶이 양념"",""파"",""어묵""]"
5559,이십오 참치,50분,80,Null,"[""참치"",""검은깨"",""참깨""]"
5556,더 신선한 매생이,10분,322,383.8 kcal,"[""매생이"",""계란"",""우유"",""소금""]"
5555,쭈꾸뿅 쭈꾸미,15분,233,787.7 kcal,"[""주꾸미"",""삼겹살"",""날치알"",""콩나물"",""깻잎"",""계란"",""우유"",""버터"",""주먹밥후레이크"",""밥"",""참기름""]"
5554,장충동 순대,20분,83,Null,"[""찰순대"",""고기순대"",""튀김반죽"",""마늘"",""고추장"",""케첩"",""설탕"",""깨""]"
5553,달래봉골레 파스타,15분,272,1262.0 kcal,"[""스파게티면"",""바지락/모시조개"",""달래"",""올리브유"",""화이트와인"",""마늘"",""면수"",""페페론치노"",""소금"",""후추""]"
5552,해물크림나베,40분,142,433.2 kcal,"[""오징어"",""꽃게"",""중하새우"",""조개관자"",""바지락/모시조개"",""양배추"",""숙주나물"",""대파"",""고추가루"",""미림"",""레몬즙"",""말린고추"",""크림육수"",""버터"",""밀가루"",""우유"",""해물육수"",""소금"",""후추""]"
5551,달래명란쌀밥,30분,268,Null,"[""찹쌀"",""달래"",""명란젓갈"",""양파"",""대파"",""미림"",""계란""]"
5550,양념장만들기,분,163,1068.9 kcal,"[""간장"",""식초"",""마늘"",""대파"",""설탕"",""참기름"",""깨소금"",""후추"",""된장"",""고추장"",""마늘"",""파"",""깨소금"",""배즙"",""설탕"",""식초"",""고추장"",""고추가루"",""된장"",""식초"",""설탕"",""물엿"",""마늘"",""소금"",""깨소금"",""참기름"",""편마늘"",""마늘""]"
5549,반숙삶기,6분,723,261.6 kcal,"[""계란"",""식초"",""소금""]"
5548,먹태 버터구이,20분,215,226.0 kcal,"[""먹태"",""버터"",""설탕"",""청양고추"",""마요네즈"",""간장""]"
5547,계란부타모야시,30분,508,800.9 kcal,"[""숙주"",""대패삼겹살"",""양파"",""마늘"",""굴소스"",""계란"",""쪽파"",""소금"",""식용유"",""돈까스소스"",""마요네즈""]"
5546,사과배추겉절이,25분,193,72.5 kcal,"[""배추"",""무"",""사과"",""까나리액젓"",""고추가루"",""매실액"",""마늘"",""참깨"",""참기름""]"
5545,화전,30분,340,238.7 kcal,"[""찹쌀가루"",""소금"",""식용꽃"",""꿀"",""식용유""]"
5544,와사마요 떡볶이,20분,220,638.1 kcal,"[""떡볶이떡"",""베이컨"",""양파"",""마늘"",""우유"",""마요네즈"",""와사비"",""소금"",""설탕""]"
5543,삼겹살 미나리 무침,20분,537,700.3 kcal,"[""삼겹살"",""미나리"",""깨"",""소금"",""후추""]"
5542,딸기 크림치즈 랩,30분,287,542.2 kcal,"[""딸기"",""크림치즈"",""레몬껍질"",""설탕"",""또띠아"",""버터"",""설탕"",""시나몬가루"",""초코시럽""]"
5541,버섯 장조림,10분,852,98.7 kcal,"[""버섯"",""간장"",""미림"",""쪽파""]"
5540,취나물밥과 양념장,15분,451,412.1 kcal,"[""쌀"",""취나물"",""간장"",""깨"",""쪽파"",""참기름""]"
5539,참깨드레싱 두부샐러드,15분,240,593.2 kcal,"[""두부"",""샐러드채소"",""마요네즈"",""땅콩잼"",""참깨"",""간장""]"
5538,귀빈정 오돌뼈,10분,60,Null,"[""오돌뼈"",""편마늘"",""양파"",""대파""]"
5537,바른씨 생연어,15분,120,Null,"[""생연어"",""밥"",""배합초"",""양파"",""무순"",""타르타르소스"",""와사비""]"
5536,양양떡볶이,10분,169,Null,"[""양양떡볶이"",""파"",""어묵""]"
5533,수제 명란크림우동,40분,119,933.8 kcal,"[""밀가루"",""소금"",""대파"",""명란젓갈"",""김"",""우유"",""육수"",""후추"",""밀가루"",""버터""]"
5527,돌아와요 부산어묵,15분,95,Null,"[""어묵"",""우동면""]"
5526,대패오징어,5분,116,214.3 kcal,"[""대패오징어"",""버터"",""설탕"",""마늘""]"
5525,대게딱지장,10분,54,Null,"[""대게딱지장"",""당근"",""밥""]"
5524,테라오카 계란간장,5분,218,Null,"[""계란간장"",""계란""]"
5522,쪽파 봉골레 국물 파스타,30분,151,Null,"[""스파게티면"",""모시조개"",""쪽파"",""화이트와인"",""올리브유"",""말린고추"",""마늘"",""버터"",""후추"",""소금"",""백설탕"",""파마산치즈가루""]"
5518,금방돼지국수,10분,518,920.6 kcal,"[""사골육수"",""생면"",""대패삼겹살"",""알배추"",""대파"",""마늘"",""간장"",""액젓""]"
5517,몽골리안비프라면,30분,451,675.1 kcal,"[""소고기등심"",""소면/라면"",""당근"",""양파"",""브로콜리"",""감자전분"",""소금"",""후추"",""식용유"",""참기름"",""마늘"",""간장"",""갈색설탕"",""쪽파"",""통깨""]"
5516,닭똥집 볶음,30분,270,364.5 kcal,"[""닭똥집"",""밀가루"",""굵은소금"",""소주"",""마늘"",""양파"",""당근"",""대파"",""청양고추"",""소금"",""후추"",""참기름""]"
5515,떡찜,30분,552,317.9 kcal,"[""떡국떡"",""배춧잎"",""콩나물"",""대파"",""표고버섯"",""굴소스"",""고추가루"",""간장"",""후추"",""마늘"",""참기름""]"
5514,연근조림,60분,597,118.0 kcal,"[""연근"",""간장"",""맛술"",""흑설탕"",""물엿"",""참기름"",""참깨""]"
5513,소고기콩나물밥,60분,710,653.7 kcal,"[""쌀"",""콩나물"",""소고기"",""간장"",""맛술"",""설탕"",""마늘"",""파"",""참기름"",""후추"",""간장"",""파"",""마늘"",""고추가루"",""깨소금"",""참기름""]"
5512,석류소스 목살스테이크,25분,94,615.0 kcal,"[""목살"",""파인애플"",""샐러드채소"",""식용유""]"
5511,홈메이드 아이스티,15분,42,143.8 kcal,"[""홍차티백"",""얼음"",""레몬"",""꿀""]"
5507,매운당면떡볶이,30분,374,706.2 kcal,"[""떡볶이떡"",""어묵"",""당면"",""대파"",""진간장"",""불닭소스"",""고추가루"",""쌀엿"",""청양고추""]"
5506,유리 사탕,60분,200,Null,"[""물"",""설탕"",""물엿"",""식용색소"",""스프링클""]"
5505,이탈리안 소시지 브로콜리 볶음,15분,2152,33.5 kcal,"[""소시지"",""브로콜리"",""소금"",""후추"",""올리브유"",""홍고추""]"
5504,연어 링귀니,15분,1902,440.5 kcal,"[""연어"",""링귀니"",""소금"",""후추"",""올리브유"",""마늘"",""파슬리"",""칠리페퍼""]"
5503,치즈퀘사디아&허니크림치즈소스,20분,682,396.4 kcal,"[""또띠아"",""모짜렐라치즈"",""체다치즈"",""치즈"",""꿀"",""허니크림치즈소스"",""크림치즈"",""연유"",""꿀"",""레몬즙"",""소금"",""후추""]"
5502,버터크림까르보나라,25분,194,587.7 kcal,"[""스파게티면"",""베이컨"",""치즈"",""후추"",""말린고추"",""파슬리"",""바질"",""버터크림소스"",""버터"",""우유"",""체다치즈"",""계란"",""파마산치즈가루""]"
5501,채식샌드위치,20분,393,388.8 kcal,"[""게맛살"",""사과"",""당근"",""양상추"",""식빵"",""마요네즈"",""레몬즙"",""씨겨자""]"
5500,피망버섯채볶음,20분,845,42.4 kcal,"[""표고버섯"",""피망"",""피망"",""마늘"",""파"",""고추가루"",""굴소스"",""후추"",""참기름""]"
5499,치즈이모모찌,15분,2473,243.3 kcal,"[""감자"",""전분가루"",""피자치즈"",""소금"",""간장"",""물엿"",""설탕""]"
5498,방울양배추볶음.,15분,307,804.2 kcal,"[""방울양배추"",""베이컨"",""소금"",""후추"",""참기름"",""굴소스""]"
5497,고추참치파스타,15분,135,283.7 kcal,"[""고추참치"",""페투치니"",""올리브유""]"
5496,우유 콜라 라면,15분,318,Null,"[""우유"",""콜라"",""소면/라면"",""김치"",""사각오뎅"",""떡볶이떡""]"
5495,모츠나베,50분,218,215.5 kcal,"[""곱창"",""두부"",""부추"",""숙주"",""양배추"",""대파"",""연근"",""표고버섯"",""사골육수"",""미소된장""]"
5494,엄지네꼬막,40분,519,485.8 kcal,"[""꼬막"",""쌀밥"",""청양고추"",""쪽파"",""간장"",""고추가루"",""마늘"",""설탕"",""들기름"",""깨소금""]"
5493,사과프리터,30분,253,222.5 kcal,"[""사과"",""튀김가루"",""시나몬파우더"",""설탕"",""소금""]"
5492,오렌지젤리,200분,277,194.4 kcal,"[""오렌지"",""오렌지주스"",""설탕"",""레몬즙"",""젤라틴""]"
5491,딸기마카롱,60분,382,507.4 kcal,"[""계란"",""설탕"",""아몬드가루"",""슈거파우더"",""식용색소"",""딸기"",""생크림""]"
5490,가지튀김과 쪽파소스,10분,1275,199.6 kcal,"[""가지"",""튀김가루"",""쪽파"",""레몬즙"",""스위트칠리소스""]"
5489,일본식 야채 카레,30분분,438,Null,"[""카레가루"",""초콜릿"",""설탕"",""우스터소스"",""버터"",""양파""]"
5488,일본식영양밥,30분,231,696.2 kcal,"[""찹쌀"",""백미"",""오곡"",""우엉"",""당근"",""표고버섯"",""베이컨"",""연근"",""쪽파"",""계란"",""쯔유"",""쯔유"",""소금"",""미림""]"
5487,주꾸미 꼬치구이,20분,91,Null,"[""주꾸미"",""올리브유"",""쪽파"",""깨""]"
5486,샐러드 파스타,25분,297,Null,"[""푸실리파스타면"",""스팸"",""오이"",""방울토마토"",""캔옥수수""]"
5485,밀크카라멜,60분,443,373.6 kcal,"[""생크림"",""우유"",""버터"",""설탕"",""바닐라에센스"",""물엿""]"
5484,치즈잡채볶음밥,15분,538,Null,"[""잡채"",""밥"",""김치"",""슈레드 피자치즈"",""굴소스"",""참기름""]"
5483,쇠고기 비빔국수,25분,722,823.0 kcal,"[""소고기"",""시판 불고기양념"",""전분가루"",""소면/라면"",""김치"",""간장"",""고추장"",""올리고당"",""참기름""]"
5482,항정살덮밥,20분,956,604.3 kcal,"[""항정살"",""밥"",""계란"",""양파"",""된장"",""설탕"",""물엿"",""간장"",""맛술"",""마늘"",""참기름"",""소금"",""후추""]"
5481,핫케익머핀,15분,310,526.3 kcal,"[""핫케익가루"",""우유"",""계란"",""견과류""]"
5480,사과도넛,20분,355,434.0 kcal,"[""사과"",""핫케익가루"",""우유"",""계란"",""설탕"",""계피가루""]"
5479,매콤만두교자,40분,89,Null,"[""만두피"",""돼지고기"",""부추"",""만두용 두부"",""칵테일새우"",""고추가루"",""청양고추"",""백설탕"",""매실액"",""참기름"",""고추장"",""진간장"",""미림""]"
5478,초콜릿카레,20분,501,211.4 kcal,"[""고형카레"",""초콜릿"",""당근"",""양파"",""소고기"",""양송이"",""올리브유""]"
5477,고등어강정,20분,378,205.7 kcal,"[""순살고등어"",""고추장"",""설탕"",""물엿"",""간장"",""마늘"",""기름"",""밀가루"",""소금"",""후추""]"
5476,소시지빵,30분,351,454.8 kcal,"[""식빵"",""소시지"",""계란"",""밀가루"",""빵가루"",""케첩"",""마요네즈"",""파슬리""]"
5475,머랭케이크,80분,220,179.8 kcal,"[""계란"",""설탕"",""전분"",""레몬즙"",""바닐라익스트랙"",""생크림"",""딸기"",""블루베리"",""민트잎"",""슈거파우더""]"
5474,돼지고기목살통구이,60분,117,774.8 kcal,"[""목살"",""소금"",""올리브유"",""후추"",""바질가루"",""마늘""]"
5473,치킨스튜파스타,60분,191,769.8 kcal,"[""닭가슴살"",""파스타면"",""월계수잎"",""감자"",""양파"",""버터"",""밀가루"",""치킨스톡"",""후추"",""소금""]"
5472,바나나쉬폰컵케익,40분,133,279.6 kcal,"[""바나나킥"",""바나나우유"",""계란"",""포도씨유"",""설탕"",""휘핑크림""]"
5471,떠먹는 생과일 양갱,20분,299,111.1 kcal,"[""딸기"",""한천가루"",""올리고당"",""설탕"",""백앙금""]"
5469,마시멜로우,60분,283,256.3 kcal,"[""설탕"",""물엿"",""젤라틴"",""코코아파우더"",""계란"",""전분""]"
5468,육전,50분,110,572.0 kcal,"[""소고기(불고기용)"",""당근"",""양파"",""청양고추"",""계란"",""밀가루"",""소고기양념"",""소금"",""진간장"",""참기름"",""후추"",""생강술"",""매실"",""백설탕"",""마늘"",""진간장"",""식초"",""참기름"",""청양고추"",""백설탕"",""고추가루"",""통깨""]"
5467,생딸기연유우유,45분,288,745.0 kcal,"[""딸기"",""백설탕"",""레몬즙"",""연유""]"
5466,차돌박이 비빔국수,30분,233,941.5 kcal,"[""소면/라면"",""차돌박이"",""무"",""고추장"",""식초"",""올리고당"",""고추가루"",""설탕"",""마늘"",""참기름"",""깨"",""고추가루"",""멸치액젓"",""설탕"",""마늘"",""파"",""소금"",""깨""]"
5465,삼겹살 국물떡볶이,15분,478,715.2 kcal,"[""떡볶이떡"",""삼겹살"",""어묵"",""양파"",""파채"",""고추장"",""고추가루"",""설탕"",""간장"",""다시마육수""]"
5464,칼질중급 편,분,372,554.0 kcal,"[""피망"",""오이"",""사과"",""배"",""대파""]"
5463,이십삼시 오십구분 : 손칼국수 편,60분,139,445.9 kcal,"[""밀가루"",""소금"",""애호박"",""당근"",""양파"",""고추"",""바지락/모시조개"",""국멸치"",""다시마""]"
5461,잡곡찰밥,70분,78,369.4 kcal,"[""팥"",""모듬콩"",""찹쌀"",""맵쌀"",""소금""]"
5460,황태죽,60분,373,147.8 kcal,"[""쌀"",""황태채"",""콩나물"",""버섯"",""마늘"",""새우젓""]"
5459,과일탕후루,30분,360,216.3 kcal,"[""딸기"",""오렌지"",""포도"",""키위"",""설탕""]"
5458,꼬치세트,30분,260,422.9 kcal,"[""닭다리"",""주꾸미"",""닭날개"",""목살"",""대파"",""우스터소스"",""커민가루"",""고추가루"",""설탕"",""후추""]"
5457,불계토스트,20분,533,481.4 kcal,"[""붉닭볶음면"",""베이컨"",""계란"",""식빵"",""모짜렐라치즈""]"
5456,누텔라푸딩,15분,241,346.7 kcal,"[""누텔라"",""우유"",""설탕"",""계란"",""젤라틴"",""휘핑크림""]"
5455,떡맛탕,10분,333,341.6 kcal,"[""떡국떡"",""설탕"",""물엿"",""계피가루"",""견과류""]"
5454,바게투게더,15분,291,Null,"[""바게트"",""투게더""]"
5453,새우치즈오븐구이,20분,354,147.5 kcal,"[""블랙타이거새우"",""피자치즈"",""소금"",""후추"",""버터""]"
5452,순두부찌개라면,5분,1393,892.5 kcal,"[""순두부"",""소면/라면"",""대파"",""올리브유"",""계란""]"
5451,앙버터,5분,135,341.6 kcal,"[""치아바타"",""버터"",""팥앙금""]"
5450,야끼오니기리,15분,1790,615.0 kcal,"[""밥"",""연어캔"",""마요네즈"",""참기름"",""김밥김"",""올리브유""]"
5449,오이고추된장무침,5분,3863,72.3 kcal,"[""오이고추"",""된장"",""고추가루"",""마늘"",""매실액"",""참기름""]"
5448,추억의 사라다,15분,290,590.7 kcal,"[""사과"",""배"",""감"",""오이"",""맛살"",""햄"",""마요네즈"",""설탕""]"
5447,동그랑땡 탕수,30분,177,143.9 kcal,"[""동그랑땡"",""양파"",""당근"",""파프리카"",""파인애플"",""설탕"",""식초"",""간장"",""전분물""]"
5446,꼬치전김밥,15분,123,396.0 kcal,"[""김밥김"",""밥"",""꼬치전"",""참기름"",""소금"",""깨소금""]"
5445,계란만두,15분,583,Null,"[""계란"",""잡채"",""올리브유""]"
5444,콩나물국밥,20분,578,470.0 kcal,"[""밥"",""콩나물"",""오징어"",""대파"",""청양고추"",""김치"",""마늘"",""고추가루"",""국간장"",""멸치다시마 육수"",""계란""]"
5443,쏘야볶음면,10분,741,1177.3 kcal,"[""소면/라면"",""비엔나소시지"",""양파"",""파프리카"",""케첩""]"
5442,칼질초급 편,분,487,301.8 kcal,"[""무"",""당근"",""양파"",""대파""]"
5440,이십삼시 오십구분 : 대구지리탕 편,30분,133,468.5 kcal,"[""대구"",""무"",""대파"",""콩나물"",""두부"",""미나리"",""쑥갓"",""홍고추"",""소금"",""마늘"",""다시마"",""육수멸치"",""건새우"",""양파""]"
5439,"돼지고기, 오징어산적",30분,109,562.3 kcal,"[""돼지고기"",""오징어"",""맛술"",""대파"",""느타리버섯"",""게맛살"",""계란"",""밀가루"",""소금"",""후추"",""식용유""]"
5438,수플레 팬케이크,30분,2619,564.8 kcal,"[""계란"",""박력분"",""베이킹파우더"",""설탕"",""우유"",""딸기"",""바나나"",""메이플시럽"",""슈거파우더""]"
5437,새송이떡갈비,30분,1561,320.6 kcal,"[""소고기"",""떡국떡"",""새송이버섯"",""간마늘"",""간장"",""참기름"",""소금"",""양파"",""후추""]"
5436,솔트카라멜퍼지,120분,120,558.0 kcal,"[""다크초콜릿칩"",""연유"",""바닐라에센스"",""카라멜"",""생크림"",""소금""]"
5435,딸기케이크,40분,343,1798.9 kcal,"[""딸기"",""카스테라"",""생크림"",""설탕"",""생크림"",""설탕"",""코코아파우더"",""젤라틴""]"
5434,연유초콜릿,15분,848,301.8 kcal,"[""연유"",""코코아파우더"",""코코아파우더""]"
5433,초콜릿 피자,20분,495,Null,"[""피자도우"",""꿀"",""초콜릿"",""마시멜로우"",""크런치초콜릿"",""초코송이"",""과일통조림"",""바나나"",""초콜릿 치즈""]"
5432,바크초콜렛,25분,141,Null,"[""초콜렛 커버춰"",""말린 과일칩"",""말린 과일"",""피스타치오"",""아몬드"",""해바라기씨"",""화이트초콜릿""]"
5431,나뭇잎 애호박전,30분,980,340.7 kcal,"[""애호박"",""돼지고기"",""간장"",""설탕"",""마늘"",""파"",""참기름"",""후추"",""통깨"",""밀가루"",""계란""]"
5430,오믈렛라이스,15분,821,752.6 kcal,"[""밥"",""당근"",""양파"",""대파"",""소시지"",""오믈렛 소스"",""계란"",""우유"",""버터"",""소금"",""소금"",""후추""]"
5429,건새우멸치볶음,15분,386,127.4 kcal,"[""식용유"",""잔멸치"",""건새우"",""고추장"",""설탕"",""물엿"",""참기름"",""참깨""]"
5428,갑오징어초무침,15분,695,198.3 kcal,"[""갑오징어"",""새우살"",""사과"",""오이"",""당근"",""고추장"",""꿀"",""참기름"",""마늘"",""식초"",""참깨""]"
5427,닭가슴살 버섯볶음,15분,3718,122.2 kcal,"[""닭가슴살"",""양송이"",""표고버섯"",""느타리버섯"",""깻잎""]"
5426,떡갈비 버거,20분,107,487.8 kcal,"[""햄버거빵"",""슬라이스치즈"",""떡갈비"",""표고버섯"",""양상추""]"
5425,오븐전기구이통닭,30분,203,1759.0 kcal,"[""닭"",""소금"",""백설탕"",""레몬즙"",""올리브유"",""후추"",""찹쌀"",""겨자소스"",""연겨자"",""머스타드"",""씨겨자"",""백설탕"",""올리고당"",""레몬즙""]"
5424,삼색나물,30분,529,130.2 kcal,"[""고사리"",""식용유"",""간장"",""파"",""마늘"",""깐도라지"",""마늘"",""대파"",""소금"",""식용유"",""깨소금"",""시금치"",""데침용소금"",""참기름""]"
5423,홈런볼 티라미슈,분,501,Null,"[""홈런볼"",""계란"",""설탕"",""크림치즈"",""생크림"",""블랙커피믹스"",""코코아파우더""]"
5422,계란사라다빵,20분,1708,574.9 kcal,"[""핫도그빵"",""계란"",""감자"",""설탕"",""머스타드"",""마요네즈""]"
5420,이십삼시 오십구분 : 계란말이 편,분,285,473.0 kcal,"[""계란"",""당근"",""쪽파"",""소금""]"
5419,토마토 바질 캐비지롤,20분,992,Null,"[""토마토"",""바질"",""토마토소스"",""소금"",""후추"",""치즈"",""소고기""]"
5418,탕수육,20분,1076,Null,"[""굴소스"",""간장"",""식초"",""설탕"",""양파"",""당근"",""파인애플"",""등심"",""소금"",""후추"",""전분""]"
5417,매생이떡국,20분분,281,410.2 kcal,"[""떡국떡"",""매생이"",""굴"",""마늘"",""국간장"",""소금"",""참기름"",""다시마""]"
5416,피자토스트,20분,694,558.3 kcal,"[""식빵"",""버터"",""키위드레싱"",""마요네즈"",""물엿"",""설탕"",""계란"",""스위트콘"",""슬라이스햄"",""모짜렐라치즈"",""피클"",""피자소스""]"
5415,코하쿠토,120분,240,151.8 kcal,"[""설탕"",""한천가루"",""식용색소"",""식용유""]"
5414,감자샐러드베이글,20분,328,Null,"[""베이글"",""감자"",""스팸"",""오이"",""마요네즈""]"
5413,갈릭버터 홍합구이,15분,146,610.6 kcal,"[""그린홍합"",""버터"",""마늘"",""소금"",""후추"",""바질가루""]"
5412,초코팝콘,15분,460,201.2 kcal,"[""팝콘옥수수"",""버터"",""식용유"",""밀크초콜릿"",""화이트초콜릿""]"
5411,닭가슴살 장조림,15분,778,105.9 kcal,"[""닭가슴살"",""메추리알"",""꽈리고추"",""간장"",""올리고당"",""설탕"",""청주"",""참기름"",""마늘"",""후추""]"
5410,조기조림,30분,146,269.3 kcal,"[""무"",""대파"",""양파"",""조기"",""고추가루"",""설탕"",""간장"",""청주"",""맛술"",""마늘"",""생강"",""후추"",""소금""]"
5409,베이컨크림파스타,25분,791,1381.0 kcal,"[""숏파스타"",""마늘"",""베이컨"",""양송이버섯"",""블랙올리브"",""올리브유"",""마늘"",""생크림"",""우유"",""파마산치즈가루"",""소금"",""후추"",""간장""]"
5408,초계물회,60분,141,730.2 kcal,"[""생닭"",""양파"",""대파"",""오이"",""양배추"",""사과"",""상추"",""소면/라면"",""초고추장"",""식초"",""백설탕"",""깨소금"",""통깨""]"
5407,소고기 장조림,60분,2885,686.1 kcal,"[""소고기우둔살"",""계란"",""마늘"",""꽈리고추"",""양파"",""대파"",""후추"",""간장"",""설탕"",""맛술""]"
5406,퐁당오쇼콜라,30분,1087,903.9 kcal,"[""박력분"",""버터"",""설탕"",""코코아파우더"",""다크초콜릿"",""슈거파우더"",""계란""]"
5405,랍스타 손질법과 활용레시피,분,216,1158.0 kcal,"[""랍스타"",""피망"",""모짜렐라치즈"",""소면/라면"",""밥"",""굴소스"",""쪽파""]"
5404,치킨너겟 샐러드,15분,564,Null,"[""양상추"",""방울토마토"",""치킨너겟""]"
5403,시금치 건새우 된장국,20분,419,152.8 kcal,"[""시금치"",""건새우"",""다시마"",""국물용멸치"",""된장""]"
5402,차돌박이야채찜,30분,1022,328.9 kcal,"[""차돌박이"",""숙주나물"",""청경채"",""당근"",""팽이버섯"",""표고버섯"",""소금"",""양념간장"",""진간장"",""백설탕"",""식초""]"
5401,윤식당 김치전,20분,2564,Null,"[""김치"",""부침가루"",""튀김가루"",""참치캔"",""양파""]"
5400,타마고산도,20분,555,538.8 kcal,"[""식빵"",""계란"",""연유"",""우유"",""소금""]"
5399,오렌지마멀레이드,30분,111,239.5 kcal,"[""오렌지"",""레몬즙"",""설탕"",""베이킹소다""]"
5398,윤식당 잡채,40분,384,166.2 kcal,"[""당면"",""소고기(불고기용)"",""양파"",""당근"",""애호박"",""양송이"",""파프리카"",""간장"",""간장"",""설탕"",""배"",""마늘"",""후추""]"
5397,치즈포테이토,30분,822,144.3 kcal,"[""감자"",""샌드위치햄"",""체다치즈"",""견과류"",""연유""]"
5396,콘치즈제육,30분,661,490.5 kcal,"[""돼지고기"",""스위트콘"",""마요네즈"",""모짜렐라치즈"",""고추장"",""고추가루"",""설탕"",""간장"",""물엿"",""미림"",""후추""]"
5395,빨간어묵꼬치,20분,928,264.3 kcal,"[""사각어묵"",""가래떡"",""대파"",""다시마육수"",""고추장"",""고추가루"",""고추가루"",""간장"",""마늘"",""설탕""]"
5394,라면스파게티,15분,1089,1090.1 kcal,"[""소면/라면"",""올리브유"",""마늘"",""양파"",""피망"",""양송이버섯"",""햄"",""돼지고기"",""고추장"",""옥수수콘"",""케첩""]"
5392,차돌박이야끼소바,20분,2392,174.6 kcal,"[""일식면"",""진간장"",""돈까스소스"",""청주"",""후추"",""양파"",""양배추"",""숙주"",""계란""]"
5391,하트전,20분,1613,421.2 kcal,"[""맛살"",""참치"",""당근"",""양파"",""쪽파"",""소금"",""후추"",""올리브유""]"
5390,소고기 무국,30분~분,2206,21.2 kcal,"[""국거리소고기"",""무"",""마늘"",""소금"",""후추"",""국간장"",""대파""]"
5389,구운새우 하이라이스덮밥,20분,268,560.5 kcal,"[""새우"",""밥"",""양파"",""마늘"",""쪽파"",""올리브유""]"
5388,어묵콩나물찜,25분,1288,342.0 kcal,"[""콩나물"",""어묵"",""깨""]"
5387,에그샌드위치,25분,1288,342.0 kcal,"[""계란"",""식빵"",""마요네즈""]"
5386,짬뽕,25분,1288,342.0 kcal,"[""해물믹스"",""양파"",""당근"",""양배추"",""대파"",""청양고추"",""마늘"",""고추가루"",""굴소스"",""설탕"",""건칼국수면""]"
5385,회,25분,1288,342.0 kcal,"[""육회"",""고추장"",""간장"",""식초""]"
5384,미역국2,25분,1288,342.0 kcal,"[""미역"",""간장"",""소금"",""마늘"",""된장""]"
5383,닭가슴살 샐러드,25분,1288,342.0 kcal,"[""닭가슴살"",""양파"",""로메인"",""토마토"",""파슬리"",""우유"",""올리브유""]"
5382,비프스테이크,25분,1288,342.0 kcal,"[""소고기등심"",""양송이버섯"",""방울토마토"",""마늘""]"
5381,김치찌개2,25분,1288,342.0 kcal,"[""김치"",""양파"",""대파"",""고추가루"",""된장"",""마늘"",""설탕"",""참기름""]"
5380,파스타,25분,1288,342.0 kcal,"[""스파게티면"",""마늘"",""양송이버섯"",""방울토마토"",""올리브유"",""파마산치즈가루""]"
5379,통삼겹구이,25분,1288,342.0 kcal,"[""삼겹살"",""마늘"",""부추""]"
5378,짜장면,25분,1288,342.0 kcal,"[""삼겹살"",""양배추"",""양파"",""애호박"",""대파"",""증화면"",""식용유"",""간장"",""춘장"",""설탕"",""소금""]"
5377,두부조림,25분,1288,342.0 kcal,"[""두부"",""양파"",""파"",""식용유"",""들기름"",""간장"",""고추가루"",""마늘"",""깨"",""참기름""]"
5376,계란말이2,25분,1288,342.0 kcal,"[""계란"",""대파"",""꽃소금"",""식용유""]"
5375,돈까스덮밥,25분,1288,342.0 kcal,"[""돼지고기등심"",""양파"",""계란"",""대파"",""쌀밥"",""간장"",""설탕"",""돈까스소스""]"
